Code,Title,URL,Provider,Platform,Description,Language,Subtitles,Level,Difficulty,Hours,Free,Price,Certificate,Category,Competencies,Departments,Job Families,Goals,Prerequisites,Technical,Rating,Title AR,Title TR,Description AR,Description TR,Status,Content Type,Source,Attribution
"SAY-BUS107","BUS107: Customer Service","https://learn.saylor.org/course/bus107","Saylor Academy","Saylor Academy","For staff who deal with internal or external customers. Covers the customer service work environment, practical methods for building good customer relationships, and ways to progress in a service role.","en","","","BEGINNER","26","yes","","yes","COMMUNICATION","","","SALES_MARKETING;GENERAL","","","no","","","","موجّه للموظفين الذين يتعاملون مع العملاء الداخليين أو الخارجيين. يتناول بيئة العمل في خدمة العملاء، وأساليب عملية لبناء علاقات جيدة مع العملاء، وسبل التقدم في الأدوار الخدمية.","İç veya dış müşterilerle çalışan personel için. Müşteri hizmetleri çalışma ortamını, iyi müşteri ilişkileri kurmanın pratik yöntemlerini ve hizmet rollerinde ilerleme yollarını ele alır.","PENDING_REVIEW","COURSE","SAYLOR","Saylor Academy, CC BY 3.0"
"SAY-BUS204","BUS204: Business Statistics","https://learn.saylor.org/course/bus204","Saylor Academy","Saylor Academy","For staff who analyse business or production figures. Introduces the statistical methods used to summarise data and draw conclusions from samples to support business decisions.","en","","","INTERMEDIATE","40","yes","","yes","DATA","","","QUALITY;FINANCE;MANAGEMENT","","","no","","","","موجّه للموظفين الذين يحللون أرقام الأعمال أو الإنتاج. يقدّم الأساليب الإحصائية المستخدمة لتلخيص البيانات واستخلاص النتائج من العينات لدعم القرارات.","İş veya üretim verilerini analiz eden personel için. Verileri özetlemek ve örneklemlerden sonuç çıkarmak için kullanılan istatistiksel yöntemleri iş kararlarını destekleyecek şekilde tanıtır.","PENDING_REVIEW","COURSE","SAYLOR","Saylor Academy, CC BY 3.0"
"SAY-BUS208","BUS208: Principles of Management","https://learn.saylor.org/course/bus208","Saylor Academy","Saylor Academy","For new and aspiring supervisors and managers. A broad introduction to the core functions of management and to managing people, structure and performance in an organization.","en","","","BEGINNER","70","yes","","yes","LEADERSHIP","","","MANAGEMENT","","","no","","","","موجّه للمشرفين والمديرين الجدد والطامحين. مقدمة شاملة للوظائف الأساسية للإدارة وإدارة الأفراد والهيكل التنظيمي والأداء داخل المؤسسة.","Yeni ve aday yöneticiler ile ustabaşılar için. Yönetimin temel işlevlerine ve bir kuruluşta insanları, yapıyı ve performansı yönetmeye kapsamlı bir giriş sunar.","PENDING_REVIEW","COURSE","SAYLOR","Saylor Academy, CC BY 3.0"
"SAY-BUS209","BUS209: Organizational Behavior","https://learn.saylor.org/course/bus209","Saylor Academy","Saylor Academy","For supervisors, managers and HR staff. Examines how individual and group behaviour, organizational structure and culture shape performance at work.","en","","","BEGINNER","48","yes","","yes","LEADERSHIP","","","MANAGEMENT;HR","","","no","","","","موجّه للمشرفين والمديرين وموظفي الموارد البشرية. يتناول كيف يؤثر سلوك الأفراد والمجموعات والهيكل التنظيمي والثقافة المؤسسية على الأداء في العمل.","Ustabaşılar, yöneticiler ve İK personeli için. Bireysel ve grup davranışının, örgüt yapısının ve kültürünün iş performansını nasıl şekillendirdiğini inceler.","PENDING_REVIEW","COURSE","SAYLOR","Saylor Academy, CC BY 3.0"
"SAY-BUS210","BUS210: Business Communication","https://learn.saylor.org/course/bus210","Saylor Academy","Saylor Academy","For any employee who writes, speaks or presents at work. Covers preparing and delivering clear business messages, documents and presentations for different audiences.","en","","","BEGINNER","33","yes","","yes","COMMUNICATION","","","GENERAL","","","no","","","","موجّه لأي موظف يكتب أو يتحدث أو يقدّم عروضاً في العمل. يتناول إعداد وتقديم رسائل ووثائق وعروض عمل واضحة لجماهير مختلفة.","İş yerinde yazan, konuşan veya sunum yapan tüm çalışanlar için. Farklı kitlelere yönelik açık iş mesajları, belgeleri ve sunumları hazırlamayı ve iletmeyi ele alır.","PENDING_REVIEW","COURSE","SAYLOR","Saylor Academy, CC BY 3.0"
"SAY-BUS250","BUS250: Introduction to Business Intelligence and Analytics","https://learn.saylor.org/course/bus250","Saylor Academy","Saylor Academy","For business users who want to turn company data into better decisions. Covers how data is collected and stored, dashboards and visualisation, forecasting and analytic models, and data privacy and ethics.","en","","","BEGINNER","46","yes","","yes","DATA","","","MANAGEMENT;IT;FINANCE","","","no","","","","موجّه لمستخدمي الأعمال الراغبين في تحويل بيانات الشركة إلى قرارات أفضل. يتناول جمع البيانات وتخزينها، ولوحات المعلومات والتصوير البياني، والتنبؤ والنماذج التحليلية، وخصوصية البيانات وأخلاقياتها.","Şirket verilerini daha iyi kararlara dönüştürmek isteyen iş kullanıcıları için. Verilerin toplanması ve saklanmasını, gösterge panelleri ve görselleştirmeyi, tahmin ve analitik modelleri, veri gizliliği ve etiğini ele alır.","PENDING_REVIEW","COURSE","SAYLOR","Saylor Academy, CC BY 3.0"
"SAY-BUS300","BUS300: Operations Management","https://learn.saylor.org/course/bus300","Saylor Academy","Saylor Academy","For production, planning and operations staff. Explains how organizations plan and coordinate resources, processes and people to produce goods and services efficiently and keep operations running.","en","","","INTERMEDIATE","38","yes","","yes","OPERATIONS","","","PRODUCTION;SUPPLY_CHAIN;MANAGEMENT","","","no","","","","موجّه لموظفي الإنتاج والتخطيط والعمليات. يشرح كيف تخطط المؤسسات وتنسق الموارد والعمليات والأفراد لإنتاج السلع والخدمات بكفاءة واستمرار سير العمل.","Üretim, planlama ve operasyon personeli için. Kuruluşların mal ve hizmetleri verimli üretmek ve operasyonları sürdürmek için kaynakları, süreçleri ve insanları nasıl planlayıp koordine ettiğini açıklar.","PENDING_REVIEW","COURSE","SAYLOR","Saylor Academy, CC BY 3.0"
"SAY-BUS301","BUS301: Human Resource Management","https://learn.saylor.org/course/bus301","Saylor Academy","Saylor Academy","For HR staff and line managers who hire and develop people. Covers recruitment and selection, training and development, performance evaluation, compensation and the legal basis of employee relations.","en","","","INTERMEDIATE","24","yes","","yes","LEADERSHIP","","","HR;MANAGEMENT","","","no","","","","موجّه لموظفي الموارد البشرية والمديرين المباشرين المسؤولين عن التوظيف وتطوير الأفراد. يتناول الاستقطاب والاختيار، والتدريب والتطوير، وتقييم الأداء، والتعويضات، والأساس القانوني لعلاقات العمل.","İşe alım yapan ve çalışan geliştiren İK personeli ile bölüm yöneticileri için. İşe alım ve seçme, eğitim ve gelişim, performans değerlendirme, ücretlendirme ve çalışan ilişkilerinin yasal temelini ele alır.","PENDING_REVIEW","COURSE","SAYLOR","Saylor Academy, CC BY 3.0"
"SAY-BUS401","BUS401: Strategic Leadership Management","https://learn.saylor.org/course/bus401","Saylor Academy","Saylor Academy","For managers moving into broader leadership roles. Explores the overlap between leading and managing, leadership approaches, and how leaders guide people and strategy in an organization.","en","","","INTERMEDIATE","71","yes","","yes","LEADERSHIP","","","MANAGEMENT","","","no","","","","موجّه للمديرين المنتقلين إلى أدوار قيادية أوسع. يستكشف العلاقة بين القيادة والإدارة، ومناهج القيادة، وكيف يوجّه القادة الأفراد والاستراتيجية في المؤسسة.","Daha geniş liderlik rollerine geçen yöneticiler için. Liderlik ile yönetim arasındaki örtüşmeyi, liderlik yaklaşımlarını ve liderlerin bir kuruluşta insanları ve stratejiyi nasıl yönlendirdiğini inceler.","PENDING_REVIEW","COURSE","SAYLOR","Saylor Academy, CC BY 3.0"
"SAY-BUS402","BUS402: Project Management","https://learn.saylor.org/course/bus402","Saylor Academy","Saylor Academy","For staff who lead or take part in projects. Covers the project process groups from initiating and planning through executing, monitoring and closing, along with the people and communication skills projects need.","en","","","INTERMEDIATE","52","yes","","yes","OPERATIONS","","","MANAGEMENT;GENERAL","","","no","","","","موجّه للموظفين الذين يقودون المشاريع أو يشاركون فيها. يتناول مراحل المشروع من البدء والتخطيط إلى التنفيذ والمتابعة والإغلاق، إلى جانب مهارات التعامل مع الأفراد والتواصل التي تحتاجها المشاريع.","Proje yöneten veya projelerde yer alan personel için. Başlatma ve planlamadan yürütme, izleme ve kapanışa kadar proje süreç gruplarını ve projelerin gerektirdiği insan ve iletişim becerilerini ele alır.","PENDING_REVIEW","COURSE","SAYLOR","Saylor Academy, CC BY 3.0"
"SAY-BUS403","BUS403: Negotiations and Conflict Management","https://learn.saylor.org/course/bus403","Saylor Academy","Saylor Academy","For buyers, sales staff and managers who negotiate or resolve disputes. Covers negotiation processes, conflict resolution and managing working relationships.","en","","","INTERMEDIATE","24","yes","","yes","COMMUNICATION","","","MANAGEMENT;SUPPLY_CHAIN;SALES_MARKETING","","","no","","","","موجّه للمشترين وموظفي المبيعات والمديرين الذين يتفاوضون أو يحلّون النزاعات. يتناول عمليات التفاوض وحل النزاعات وإدارة علاقات العمل.","Pazarlık yapan veya anlaşmazlık çözen satın alma ve satış personeli ile yöneticiler için. Müzakere süreçlerini, çatışma çözümünü ve iş ilişkilerinin yönetimini ele alır.","PENDING_REVIEW","COURSE","SAYLOR","Saylor Academy, CC BY 3.0"
"SAY-BUS603","BUS603: Managing People","https://learn.saylor.org/course/bus603","Saylor Academy","Saylor Academy","A graduate-level course for experienced managers and HR leaders. Examines how managing people supports productivity and the achievement of an organization's strategic goals.","en","","","ADVANCED","66","yes","","yes","LEADERSHIP","","","MANAGEMENT;HR","","","no","","","","مقرر بمستوى الدراسات العليا للمديرين وقادة الموارد البشرية ذوي الخبرة. يتناول كيف تدعم إدارة الأفراد الإنتاجية وتحقيق الأهداف الاستراتيجية للمؤسسة.","Deneyimli yöneticiler ve İK liderleri için lisansüstü düzeyde bir ders. İnsan yönetiminin verimliliği ve kuruluşun stratejik hedeflerine ulaşmasını nasıl desteklediğini inceler.","PENDING_REVIEW","COURSE","SAYLOR","Saylor Academy, CC BY 3.0"
"SAY-BUS604","BUS604: Innovation and Sustainability","https://learn.saylor.org/course/bus604","Saylor Academy","Saylor Academy","A graduate-level course for managers. Looks at how businesses can innovate to address economic, environmental and social challenges while meeting the needs of employees, customers, suppliers and communities.","en","","","ADVANCED","45","yes","","yes","OPERATIONS","","","MANAGEMENT;PRODUCTION","","","no","","","","مقرر بمستوى الدراسات العليا للمديرين. يتناول كيف يمكن للشركات أن تبتكر لمواجهة التحديات الاقتصادية والبيئية والاجتماعية مع تلبية احتياجات الموظفين والعملاء والموردين والمجتمعات.","Yöneticiler için lisansüstü düzeyde bir ders. İşletmelerin çalışanların, müşterilerin, tedarikçilerin ve toplulukların ihtiyaçlarını karşılarken ekonomik, çevresel ve sosyal zorluklara yenilikle nasıl yanıt verebileceğini ele alır.","PENDING_REVIEW","COURSE","SAYLOR","Saylor Academy, CC BY 3.0"
"SAY-BUS605","BUS605: Strategic Project Management","https://learn.saylor.org/course/bus605","Saylor Academy","Saylor Academy","A graduate-level course for project leads and managers. Compares project management methods and how organizations choose and apply them to different kinds of projects.","en","","","ADVANCED","44","yes","","yes","OPERATIONS","","","MANAGEMENT","","","no","","","","مقرر بمستوى الدراسات العليا لقادة المشاريع والمديرين. يقارن بين منهجيات إدارة المشاريع وكيف تختارها المؤسسات وتطبقها على أنواع مختلفة من المشاريع.","Proje liderleri ve yöneticiler için lisansüstü düzeyde bir ders. Proje yönetimi yöntemlerini ve kuruluşların bunları farklı proje türleri için nasıl seçip uyguladığını karşılaştırır.","PENDING_REVIEW","COURSE","SAYLOR","Saylor Academy, CC BY 3.0"
"SAY-BUS606","BUS606: Operations and Supply Chain Management","https://learn.saylor.org/course/bus606","Saylor Academy","Saylor Academy","A graduate-level course for operations, planning and supply chain managers. Analyses major areas of operations such as facility location, procurement of inputs and demand management, and how the supply chain supports efficient production.","en","","","ADVANCED","96","yes","","yes","OPERATIONS","","","SUPPLY_CHAIN;PRODUCTION;MANAGEMENT","","","no","","","","مقرر بمستوى الدراسات العليا لمديري العمليات والتخطيط وسلاسل الإمداد. يحلل مجالات العمليات الرئيسية مثل اختيار موقع المنشأة وشراء المدخلات وإدارة الطلب، ودور سلسلة الإمداد في دعم الإنتاج بكفاءة.","Operasyon, planlama ve tedarik zinciri yöneticileri için lisansüstü düzeyde bir ders. Tesis yeri seçimi, girdi tedariki ve talep yönetimi gibi temel operasyon alanlarını ve tedarik zincirinin verimli üretimi nasıl desteklediğini analiz eder.","PENDING_REVIEW","COURSE","SAYLOR","Saylor Academy, CC BY 3.0"
"SAY-BUS607","BUS607: Data-Driven Decision-Making","https://learn.saylor.org/course/bus607","Saylor Academy","Saylor Academy","A graduate-level course for managers and analysts. Covers how organizations capture and use data to make better-informed business decisions.","en","","","ADVANCED","40","yes","","yes","DATA","","","MANAGEMENT","","","no","","","","مقرر بمستوى الدراسات العليا للمديرين والمحللين. يتناول كيف تجمع المؤسسات البيانات وتستخدمها لاتخاذ قرارات عمل مبنية على معلومات أفضل.","Yöneticiler ve analistler için lisansüstü düzeyde bir ders. Kuruluşların daha bilinçli iş kararları almak için verileri nasıl topladığını ve kullandığını ele alır.","PENDING_REVIEW","COURSE","SAYLOR","Saylor Academy, CC BY 3.0"
"SAY-BUS643","BUS643: Leading Organizational Change","https://learn.saylor.org/course/bus643","Saylor Academy","Saylor Academy","A graduate-level course for leaders responsible for change. Covers identifying needed changes, change management theories and practices, engaging employees, and lessons from failed change efforts.","en","","","ADVANCED","35","yes","","yes","LEADERSHIP","","","MANAGEMENT;HR","","","no","","","","مقرر بمستوى الدراسات العليا للقادة المسؤولين عن التغيير. يتناول تحديد التغييرات المطلوبة، ونظريات وممارسات إدارة التغيير، وإشراك الموظفين، والدروس المستفادة من محاولات التغيير الفاشلة.","Değişimden sorumlu liderler için lisansüstü düzeyde bir ders. Gerekli değişikliklerin belirlenmesini, değişim yönetimi teori ve uygulamalarını, çalışanların katılımını ve başarısız değişim girişimlerinden çıkarılan dersleri ele alır.","PENDING_REVIEW","COURSE","SAYLOR","Saylor Academy, CC BY 3.0"
"SAY-PRDV002","PRDV002: Professional Writing","https://learn.saylor.org/course/prdv002","Saylor Academy","Saylor Academy","A short course for employees who write emails, memos and reports. Builds skills for writing clearly and effectively for different audiences in digital and print business settings.","en","","","BEGINNER","12","yes","","yes","COMMUNICATION","","","GENERAL","","","no","","","","مقرر قصير للموظفين الذين يكتبون رسائل البريد الإلكتروني والمذكرات والتقارير. ينمّي مهارات الكتابة الواضحة والفعالة لجماهير مختلفة في بيئات العمل الرقمية والورقية.","E-posta, not ve rapor yazan çalışanlar için kısa bir ders. Dijital ve basılı iş ortamlarında farklı kitlelere açık ve etkili yazma becerileri kazandırır.","PENDING_REVIEW","COURSE","SAYLOR","Saylor Academy, CC BY 3.0"
"SAY-PRDV003","PRDV003: Word Processing","https://learn.saylor.org/course/prdv003","Saylor Academy","Saylor Academy","For staff with little or no experience of word processors. Covers creating, editing and formatting documents in Microsoft Word and Google Docs, including a basic business letter.","en","","","BEGINNER","5","yes","","yes","PRODUCTIVITY","","","GENERAL","","","no","","","","موجّه للموظفين ذوي الخبرة المحدودة أو المنعدمة في برامج معالجة النصوص. يتناول إنشاء المستندات وتحريرها وتنسيقها في Microsoft Word وGoogle Docs، بما في ذلك خطاب عمل بسيط.","Kelime işlemci deneyimi az olan veya hiç olmayan personel için. Microsoft Word ve Google Docs ile belge oluşturmayı, düzenlemeyi ve biçimlendirmeyi, basit bir iş mektubu dahil olmak üzere ele alır.","PENDING_REVIEW","COURSE","SAYLOR","Saylor Academy, CC BY 3.0"
"SAY-PRDV004","PRDV004: Spreadsheets","https://learn.saylor.org/course/prdv004","Saylor Academy","Saylor Academy","For beginners who need to use spreadsheets at work. Covers what a spreadsheet is, navigating and entering data, saving files, basic formatting, and simple formulas and functions.","en","","","BEGINNER","5","yes","","yes","PRODUCTIVITY","","","GENERAL","","","no","","","","للمبتدئين الذين يحتاجون إلى استخدام جداول البيانات في العمل. يتناول مفهوم جدول البيانات، والتنقل وإدخال البيانات، وحفظ الملفات، والتنسيق الأساسي، والصيغ والدوال البسيطة.","İş yerinde elektronik tablo kullanması gereken yeni başlayanlar için. Elektronik tablonun ne olduğunu, gezinme ve veri girişini, dosya kaydetmeyi, temel biçimlendirmeyi ve basit formül ve fonksiyonları ele alır.","PENDING_REVIEW","COURSE","SAYLOR","Saylor Academy, CC BY 3.0"
"SAY-PRDV005","PRDV005: Time and Stress Management","https://learn.saylor.org/course/prdv005","Saylor Academy","Saylor Academy","For any employee wanting to work more productively. Covers time management strategies for daily work and teamwork, and practical ways to reduce stress at work and in daily life.","en","","","BEGINNER","11","yes","","yes","PRODUCTIVITY","","","GENERAL","","","no","","","","لأي موظف يرغب في العمل بإنتاجية أعلى. يتناول استراتيجيات إدارة الوقت في العمل اليومي والعمل الجماعي، وطرقاً عملية لتقليل الضغط في العمل والحياة اليومية.","Daha verimli çalışmak isteyen tüm çalışanlar için. Günlük işte ve ekip çalışmasında zaman yönetimi stratejilerini ve iş ile günlük yaşamda stresi azaltmanın pratik yollarını ele alır.","PENDING_REVIEW","COURSE","SAYLOR","Saylor Academy, CC BY 3.0"
"SAY-PRDV006","PRDV006: Spreadsheets II: Formatting and Functions","https://learn.saylor.org/course/prdv006","Saylor Academy","Saylor Academy","For spreadsheet users who know the basics. Covers conditional formatting, relative and absolute references, lookup, logical, statistical and financial functions, and multi-sheet workbooks.","en","","","INTERMEDIATE","11","yes","","yes","PRODUCTIVITY","","","GENERAL;FINANCE","","","no","","","","لمستخدمي جداول البيانات الملمّين بالأساسيات. يتناول التنسيق الشرطي، والمراجع النسبية والمطلقة، ودوال البحث والدوال المنطقية والإحصائية والمالية، والمصنفات متعددة الأوراق.","Temel bilgilere sahip elektronik tablo kullanıcıları için. Koşullu biçimlendirme, göreli ve mutlak başvurular, arama, mantıksal, istatistiksel ve finansal fonksiyonlar ile çok sayfalı çalışma kitaplarını ele alır.","PENDING_REVIEW","COURSE","SAYLOR","Saylor Academy, CC BY 3.0"
"SAY-PRDV007","PRDV007: Spreadsheets III: Presenting Data","https://learn.saylor.org/course/prdv007","Saylor Academy","Saylor Academy","For spreadsheet users ready to present their data. Covers choosing and formatting charts, scatterplots and trend lines, adding graphics, database functions and collaborating on workbooks.","en","","","INTERMEDIATE","10","yes","","yes","PRODUCTIVITY","","","GENERAL;MANAGEMENT","","","no","","","","لمستخدمي جداول البيانات المستعدين لعرض بياناتهم. يتناول اختيار المخططات وتنسيقها، ومخططات التشتت وخطوط الاتجاه، وإضافة الرسومات، ودوال قواعد البيانات، والتعاون على المصنفات.","Verilerini sunmaya hazır elektronik tablo kullanıcıları için. Grafik seçimi ve biçimlendirmesini, dağılım grafikleri ve eğilim çizgilerini, görsel eklemeyi, veritabanı fonksiyonlarını ve çalışma kitapları üzerinde iş birliğini ele alır.","PENDING_REVIEW","COURSE","SAYLOR","Saylor Academy, CC BY 3.0"
"SAY-PRDV008","PRDV008: Preparing and Delivering Presentations","https://learn.saylor.org/course/prdv008","Saylor Academy","Saylor Academy","For staff who present ideas, results or proposals. Helps learners plan, structure and deliver talks with confidence, in person or over video calls.","en","","","BEGINNER","23","yes","","yes","COMMUNICATION","","","GENERAL","","","no","","","","للموظفين الذين يعرضون أفكاراً أو نتائج أو مقترحات. ينمّي الثقة والمهارة في التخطيط للعروض التقديمية وتقديمها حضورياً وعبر الإنترنت.","Fikir, sonuç veya öneri sunan personel için. Yüz yüze ve çevrim içi sunumları planlama ve yapma konusunda özgüven ve beceri kazandırır.","PENDING_REVIEW","COURSE","SAYLOR","Saylor Academy, CC BY 3.0"
"SAY-PRDV104","PRDV104: Professional Etiquette","https://learn.saylor.org/course/prdv104","Saylor Academy","Saylor Academy","For employees at any level. Covers expected workplace behaviour and communication norms, and how to handle personality clashes, misunderstandings and cross-cultural situations.","en","","","BEGINNER","6","yes","","yes","COMMUNICATION","","","GENERAL","","","no","","","","للموظفين في جميع المستويات. يتناول آداب العمل ومعايير التواصل والوعي الثقافي للتعامل مع اختلاف الشخصيات وسوء الفهم والاختلافات الثقافية.","Her seviyedeki çalışan için. Farklı kişilikler, yanlış anlaşılmalar ve kültürel farklılıklarla başa çıkmak için iş yeri görgü kurallarını, iletişim standartlarını ve kültürel farkındalığı ele alır.","PENDING_REVIEW","COURSE","SAYLOR","Saylor Academy, CC BY 3.0"
"SAY-PRDV200","PRDV200: Communicating with Data","https://learn.saylor.org/course/prdv200","Saylor Academy","Saylor Academy","For staff who report numbers to others. Explains how audiences read charts and visuals, and how to design clear data visualisations that tell a story.","en","","","BEGINNER","9","yes","","yes","DATA","","","GENERAL;MANAGEMENT","","","no","","","","للموظفين الذين يقدّمون الأرقام للآخرين. يتناول كيفية معالجة الناس للمعلومات المرئية وكيفية استخدام التصوير البياني لعرض البيانات بوضوح وسرد قصة من خلالها.","Rakamları başkalarına raporlayan personel için. İnsanların görsel bilgiyi nasıl işlediğini ve verileri açıkça sunmak ve onlarla bir hikâye anlatmak için veri görselleştirmenin nasıl kullanılacağını ele alır.","PENDING_REVIEW","COURSE","SAYLOR","Saylor Academy, CC BY 3.0"
"SAY-PRDV212","PRDV212: Interpersonal Communication","https://learn.saylor.org/course/prdv212","Saylor Academy","Saylor Academy","For anyone who wants to communicate better with colleagues. Explores how interpersonal communication works in formal and informal situations, including at work.","en","","","BEGINNER","15","yes","","yes","COMMUNICATION","","","GENERAL","","","no","","","","لكل من يرغب في تحسين تواصله مع زملائه. يستكشف كيف يعمل التواصل بين الأشخاص في المواقف الرسمية وغير الرسمية، بما في ذلك بيئة العمل.","İş arkadaşlarıyla daha iyi iletişim kurmak isteyen herkes için. Kişilerarası iletişimin iş yeri dahil resmi ve gayriresmi durumlarda nasıl işlediğini inceler.","PENDING_REVIEW","COURSE","SAYLOR","Saylor Academy, CC BY 3.0"
"SAY-PRDV213","PRDV213: Group Communication","https://learn.saylor.org/course/prdv213","Saylor Academy","Saylor Academy","For team members and team leads. Covers the principles of communication in small groups to support teamwork and collaborative problem-solving.","en","","","BEGINNER","6","yes","","yes","COMMUNICATION","","","GENERAL","","","no","","","","لأعضاء الفرق وقادتها. يتناول مبادئ التواصل في المجموعات الصغيرة لدعم العمل الجماعي وحل المشكلات بشكل تعاوني.","Ekip üyeleri ve ekip liderleri için. Ekip çalışmasını ve ortak problem çözmeyi desteklemek için küçük grup iletişiminin ilkelerini ele alır.","PENDING_REVIEW","COURSE","SAYLOR","Saylor Academy, CC BY 3.0"
"SAY-PRDV214","PRDV214: Organizational Communication","https://learn.saylor.org/course/prdv214","Saylor Academy","Saylor Academy","For employees and managers who want communication to work across the organization. Covers practical principles of organizational communication, building productive workplace relationships and common communication challenges at work.","en","","","BEGINNER","13","yes","","yes","COMMUNICATION","","","MANAGEMENT;HR","","","no","","","","للموظفين والمديرين الراغبين في تواصل فعّال على مستوى المؤسسة. يتناول المبادئ العملية للتواصل المؤسسي، وبناء علاقات عمل منتجة، وتحديات التواصل الشائعة في العمل.","Kuruluş genelinde iletişimin işlemesini isteyen çalışanlar ve yöneticiler için. Örgütsel iletişimin pratik ilkelerini, verimli iş ilişkileri kurmayı ve iş yerindeki yaygın iletişim sorunlarını ele alır.","PENDING_REVIEW","COURSE","SAYLOR","Saylor Academy, CC BY 3.0"
"SAY-PRDV221","PRDV221: Introduction to Management","https://learn.saylor.org/course/prdv221","Saylor Academy","Saylor Academy","For new supervisors and those considering a management role. Introduces what management is, why organizations need it, and the basic roles and functions of a manager.","en","","","BEGINNER","13","yes","","yes","LEADERSHIP","","","MANAGEMENT","","","no","","","","للمشرفين الجدد ومن يفكرون في تولي دور إداري. يعرّف بمفهوم الإدارة وسبب حاجة المؤسسات إليها والأدوار والوظائف الأساسية للمدير.","Yeni ustabaşılar ve yöneticilik rolünü düşünenler için. Yönetimin ne olduğunu, kuruluşların neden yönetime ihtiyaç duyduğunu ve bir yöneticinin temel rol ve işlevlerini tanıtır.","PENDING_REVIEW","COURSE","SAYLOR","Saylor Academy, CC BY 3.0"
"SAY-PRDV224","PRDV224: Leadership and Teams","https://learn.saylor.org/course/prdv224","Saylor Academy","Saylor Academy","For supervisors and team leaders. Covers motivation, leadership and how managers work with and through teams to achieve organizational goals.","en","","","BEGINNER","9","yes","","yes","LEADERSHIP","","","MANAGEMENT;PRODUCTION","","","no","","","","للمشرفين وقادة الفرق. يتناول التحفيز والقيادة وكيف يعمل المديرون مع الفرق ومن خلالها لتحقيق أهداف المؤسسة.","Ustabaşılar ve ekip liderleri için. Motivasyonu, liderliği ve yöneticilerin kurumsal hedeflere ulaşmak için ekiplerle ve ekipler aracılığıyla nasıl çalıştığını ele alır.","PENDING_REVIEW","COURSE","SAYLOR","Saylor Academy, CC BY 3.0"
"SAY-PRDV225","PRDV225: Managing Employees","https://learn.saylor.org/course/prdv225","Saylor Academy","Saylor Academy","For supervisors and line managers. Covers how to motivate employees, give them room to use their skills, and support their performance toward company goals.","en","","","BEGINNER","8","yes","","yes","LEADERSHIP","","","MANAGEMENT;PRODUCTION","","","no","","","","للمشرفين والمديرين المباشرين. يتناول كيفية تحفيز الموظفين ومنحهم المساحة لاستخدام مهاراتهم ودعم أدائهم لتحقيق أهداف الشركة.","Ustabaşılar ve bölüm yöneticileri için. Çalışanları motive etmeyi, becerilerini kullanmaları için alan tanımayı ve şirket hedeflerine yönelik performanslarını desteklemeyi ele alır.","PENDING_REVIEW","COURSE","SAYLOR","Saylor Academy, CC BY 3.0"
"SAY-PRDV226","PRDV226: Introduction to Human Resource Management","https://learn.saylor.org/course/prdv226","Saylor Academy","Saylor Academy","For new HR staff and managers who handle people matters. An introduction to the main activities of human resource management and why managing people well matters to a business.","en","","","BEGINNER","14","yes","","yes","LEADERSHIP","","","HR;MANAGEMENT","","","no","","","","لموظفي الموارد البشرية الجدد والمديرين الذين يتولون شؤون الأفراد. مقدمة للأنشطة الرئيسية لإدارة الموارد البشرية وأهمية حسن إدارة الأفراد للأعمال.","Yeni İK personeli ve personel konularıyla ilgilenen yöneticiler için. İnsan kaynakları yönetiminin temel faaliyetlerine ve insanları iyi yönetmenin bir işletme için önemine giriş niteliğindedir.","PENDING_REVIEW","COURSE","SAYLOR","Saylor Academy, CC BY 3.0"
"SAY-PRDV228","PRDV228: Decision-Making","https://learn.saylor.org/course/prdv228","Saylor Academy","Saylor Academy","For supervisors and managers who make day-to-day choices. Covers how managers weigh alternatives and make business decisions to reach goals.","en","","","BEGINNER","4","yes","","yes","LEADERSHIP","","","MANAGEMENT;GENERAL","","","no","","","","للمشرفين والمديرين الذين يتخذون قرارات يومية. يتناول كيف يوازن المديرون بين البدائل ويتخذون قرارات العمل لتحقيق الأهداف.","Günlük kararlar alan ustabaşılar ve yöneticiler için. Yöneticilerin hedeflere ulaşmak için alternatifleri nasıl tarttığını ve iş kararlarını nasıl verdiğini ele alır.","PENDING_REVIEW","COURSE","SAYLOR","Saylor Academy, CC BY 3.0"
"SAY-PRDV230","PRDV230: Create a Workplace Conflict Resolution Policy","https://learn.saylor.org/course/prdv230","Saylor Academy","Saylor Academy","For HR staff, supervisors and managers. Distinguishes useful from harmful workplace conflict, compares formal and informal resolution methods, and guides learners in drafting a conflict resolution policy.","en","","","BEGINNER","13","yes","","yes","LEADERSHIP","","","HR;MANAGEMENT","","","no","","","","لموظفي الموارد البشرية والمشرفين والمديرين. يميّز بين النزاع المفيد والضار في مكان العمل، ويقارن بين أساليب الحل الرسمية وغير الرسمية، ويرشد المتعلمين إلى صياغة سياسة لحل النزاعات.","İK personeli, ustabaşılar ve yöneticiler için. İş yerindeki yararlı ve zararlı çatışmayı ayırt eder, resmi ve gayriresmi çözüm yöntemlerini karşılaştırır ve bir çatışma çözümü politikası hazırlamaya rehberlik eder.","PENDING_REVIEW","COURSE","SAYLOR","Saylor Academy, CC BY 3.0"
"SAY-PRDV231","PRDV231: Elements of Ethical Leadership","https://learn.saylor.org/course/prdv231","Saylor Academy","Saylor Academy","For current and future leaders. Explores what ethical leadership means, starting from classical virtue-based ideas, and how values and culture shape what people expect of leaders.","en","","","BEGINNER","11","yes","","yes","LEADERSHIP","","","MANAGEMENT","","","no","","","","للقادة الحاليين والمستقبليين. يستكشف معنى القيادة الأخلاقية انطلاقاً من الأفكار الكلاسيكية القائمة على الفضيلة، وكيف تشكّل القيم والثقافة توقعات الناس من القادة.","Mevcut ve geleceğin liderleri için. Klasik erdem temelli düşüncelerden başlayarak etik liderliğin ne anlama geldiğini ve değerler ile kültürün liderlerden beklentileri nasıl şekillendirdiğini inceler.","PENDING_REVIEW","COURSE","SAYLOR","Saylor Academy, CC BY 3.0"
"SAY-PRDV304","PRDV304: Introduction to Supply Chain Management","https://learn.saylor.org/course/prdv304","Saylor Academy","Saylor Academy","For anyone new to supply chain, purchasing or logistics. Introduces the steps organizations use to source, make and move products from suppliers to customers.","en","","","BEGINNER","4","yes","","yes","OPERATIONS","","","SUPPLY_CHAIN;PRODUCTION","","","no","","","","لكل من هو جديد في سلاسل الإمداد أو المشتريات أو الخدمات اللوجستية. يعرّف بالخطوات التي تتبعها المؤسسات لتوفير المنتجات وتصنيعها ونقلها من الموردين إلى العملاء.","Tedarik zinciri, satın alma veya lojistikte yeni olan herkes için. Kuruluşların ürünleri tedarik etmek, üretmek ve tedarikçilerden müşterilere ulaştırmak için izlediği adımları tanıtır.","PENDING_REVIEW","COURSE","SAYLOR","Saylor Academy, CC BY 3.0"
"SAY-PRDV430","PRDV430: AI for Business Applications","https://learn.saylor.org/course/prdv430","Saylor Academy","Saylor Academy","For business users in any function. Covers practical uses of AI and generative AI at work, writing prompts for business tasks, and the ethical and responsible use of AI tools.","en","","","BEGINNER","11","yes","","yes","GENERATIVE_AI","","","GENERAL","","","no","","","","لمستخدمي الأعمال في جميع الإدارات. يتناول الاستخدامات العملية للذكاء الاصطناعي والذكاء الاصطناعي التوليدي في العمل، وكتابة الأوامر للمهام التجارية، والاستخدام الأخلاقي والمسؤول لأدوات الذكاء الاصطناعي.","Her işlevden iş kullanıcıları için. Yapay zekâ ve üretken yapay zekânın iş yerindeki pratik kullanımlarını, iş görevleri için istem yazmayı ve yapay zekâ araçlarının etik ve sorumlu kullanımını ele alır.","PENDING_REVIEW","COURSE","SAYLOR","Saylor Academy, CC BY 3.0"
"SAY-PRDV433","PRDV433: Enhancing Spreadsheets with Generative AI","https://learn.saylor.org/course/prdv433","Saylor Academy","Saylor Academy","For regular spreadsheet users. Shows how generative AI assistants can help automate repetitive tasks, write formulas, clean messy data and analyse data using plain-language instructions.","en","","","INTERMEDIATE","10","yes","","yes","GENERATIVE_AI","","","GENERAL;FINANCE","","","no","","","","لمستخدمي جداول البيانات بانتظام. يوضح كيف يمكن لمساعدي الذكاء الاصطناعي التوليدي المساعدة في أتمتة المهام المتكررة وكتابة الصيغ وتنظيف البيانات غير المرتبة وتحليلها باستخدام تعليمات بلغة بسيطة.","Elektronik tabloları düzenli kullananlar için. Üretken yapay zekâ asistanlarının tekrarlayan işleri otomatikleştirmeye, formül yazmaya, dağınık verileri temizlemeye ve sade dilde talimatlarla veri analizine nasıl yardımcı olabileceğini gösterir.","PENDING_REVIEW","COURSE","SAYLOR","Saylor Academy, CC BY 3.0"
"SAY-ESL005","ESL005: Business-Proficient English as a Second Language","https://learn.saylor.org/course/esl005","Saylor Academy","Saylor Academy","For non-native speakers who use English at work. Covers common business documents and terminology and develops reading and writing skills in professional American English.","en","","","ADVANCED","8","yes","","yes","LANGUAGES","","","GENERAL","","","no","","","","لغير الناطقين بالإنجليزية الذين يستخدمونها في العمل. يتناول وثائق العمل الشائعة ومصطلحاتها وينمّي مهارات القراءة والكتابة باللغة الإنجليزية الأمريكية المهنية.","İş yerinde İngilizce kullanan, ana dili İngilizce olmayanlar için. Yaygın iş belgelerini ve terminolojisini ele alır, profesyonel Amerikan İngilizcesinde okuma ve yazma becerilerini geliştirir.","PENDING_REVIEW","COURSE","SAYLOR","Saylor Academy, CC BY 3.0"
