Code,Title,URL,Provider,Platform,Description,Language,Subtitles,Level,Difficulty,Hours,Free,Price,Certificate,Category,Competencies,Departments,Job Families,Goals,Prerequisites,Technical,Rating,Title AR,Title TR,Description AR,Description TR
"LNG-oXLjafHGFcg","سلسلة تعليم اللغة التركية مع الدكتور "" محمد زبدية "" الحلقة 2","https://www.youtube.com/watch?v=oXLjafHGFcg","قناة الجسر الفضائية","YouTube","Turkish · Beginner. Turkish from the beginning, taught in Arabic: the alphabet, greetings, and enough to get through a first conversation. Presented by قناة الجسر الفضائية on YouTube.","ar","","L1","BEGINNER","0.4","yes","0","no","LANGUAGES","","","","","","no","","","","Turkish · Beginner. التركية من البداية بشرح عربي: الحروف والتحيات وما يكفي لإتمام محادثة أولى. مقدَّم من قناة الجسر الفضائية على يوتيوب.","Turkish · Beginner. Arapça anlatımla sıfırdan Türkçe: alfabe, selamlaşma ve ilk sohbeti geçirmeye yetecek kadarı. قناة الجسر الفضائية tarafından YouTube'da sunulmaktadır."
"LNG-F3XEOJsMkeY","سلسلة تعليم اللغة التركية مع الدكتور ""محمد زبدية "" الحلقة (3)","https://www.youtube.com/watch?v=F3XEOJsMkeY","قناة الجسر الفضائية","YouTube","Turkish · Beginner. Turkish from the beginning, taught in Arabic: the alphabet, greetings, and enough to get through a first conversation. Presented by قناة الجسر الفضائية on YouTube.","ar","","L1","BEGINNER","0.5","yes","0","no","LANGUAGES","","","","","","no","","","","Turkish · Beginner. التركية من البداية بشرح عربي: الحروف والتحيات وما يكفي لإتمام محادثة أولى. مقدَّم من قناة الجسر الفضائية على يوتيوب.","Turkish · Beginner. Arapça anlatımla sıfırdan Türkçe: alfabe, selamlaşma ve ilk sohbeti geçirmeye yetecek kadarı. قناة الجسر الفضائية tarafından YouTube'da sunulmaktadır."
"LNG-vPnFQlSHk9o","تعلم اللغة التركية / جميع قواعد اللغة التركية من الصفر الى الاحتراف","https://www.youtube.com/watch?v=vPnFQlSHk9o","Mualimi Akademi","YouTube","Turkish · Beginner. Turkish from the beginning, taught in Arabic: the alphabet, greetings, and enough to get through a first conversation. Presented by Mualimi Akademi on YouTube.","ar","","L1","BEGINNER","10.2","yes","0","no","LANGUAGES","","","","","","no","","","","Turkish · Beginner. التركية من البداية بشرح عربي: الحروف والتحيات وما يكفي لإتمام محادثة أولى. مقدَّم من Mualimi Akademi على يوتيوب.","Turkish · Beginner. Arapça anlatımla sıfırdan Türkçe: alfabe, selamlaşma ve ilk sohbeti geçirmeye yetecek kadarı. Mualimi Akademi tarafından YouTube'da sunulmaktadır."
"LNG-sm48iPygyL4","تعلم التركية ||| دورة إستماع كاملة ||| للمبتدئين - LetsPracticeTurkish","https://www.youtube.com/watch?v=sm48iPygyL4","Let's Practice Turkish - تعلم التركية","YouTube","Turkish · Beginner. Turkish from the beginning, taught in Arabic: the alphabet, greetings, and enough to get through a first conversation. Presented by Let's Practice Turkish - تعلم التركية on YouTube.","ar","","L1","BEGINNER","1.2","yes","0","no","LANGUAGES","","","","","","no","","","","Turkish · Beginner. التركية من البداية بشرح عربي: الحروف والتحيات وما يكفي لإتمام محادثة أولى. مقدَّم من Let's Practice Turkish - تعلم التركية على يوتيوب.","Turkish · Beginner. Arapça anlatımla sıfırdan Türkçe: alfabe, selamlaşma ve ilk sohbeti geçirmeye yetecek kadarı. Let's Practice Turkish - تعلم التركية tarafından YouTube'da sunulmaktadır."
"LNG-wPzrJHNIp18","الدرس الأول:  لا تبدأ بتعلم اللغة التركية بدون مشاهدة هذا الفيديو !","https://www.youtube.com/watch?v=wPzrJHNIp18","اللغة التركية مع الدكتور حمزة","YouTube","Turkish · Beginner. Turkish from the beginning, taught in Arabic: the alphabet, greetings, and enough to get through a first conversation. Presented by اللغة التركية مع الدكتور حمزة on YouTube.","ar","","L1","BEGINNER","0.5","yes","0","no","LANGUAGES","","","","","","no","","","","Turkish · Beginner. التركية من البداية بشرح عربي: الحروف والتحيات وما يكفي لإتمام محادثة أولى. مقدَّم من اللغة التركية مع الدكتور حمزة على يوتيوب.","Turkish · Beginner. Arapça anlatımla sıfırdan Türkçe: alfabe, selamlaşma ve ilk sohbeti geçirmeye yetecek kadarı. اللغة التركية مع الدكتور حمزة tarafından YouTube'da sunulmaktadır."
"LNG-9u6_vB2uQO4","أساسيات اللغة التركية للمبتدئين | تعلم المستوى A1 كاملًا في 3 ساعات 🇹🇷","https://www.youtube.com/watch?v=9u6_vB2uQO4"," تعلم اللغة التركية  Fares Younes 🇹🇷","YouTube","Turkish · Beginner. Turkish from the beginning, taught in Arabic: the alphabet, greetings, and enough to get through a first conversation. Presented by  تعلم اللغة التركية  Fares Younes 🇹🇷 on YouTube.","ar","","L1","BEGINNER","3.3","yes","0","no","LANGUAGES","","","","","","no","","","","Turkish · Beginner. التركية من البداية بشرح عربي: الحروف والتحيات وما يكفي لإتمام محادثة أولى. مقدَّم من  تعلم اللغة التركية  Fares Younes 🇹🇷 على يوتيوب.","Turkish · Beginner. Arapça anlatımla sıfırdan Türkçe: alfabe, selamlaşma ve ilk sohbeti geçirmeye yetecek kadarı.  تعلم اللغة التركية  Fares Younes 🇹🇷 tarafından YouTube'da sunulmaktadır."
"LNG-jnleyKaw2W4","سلسلة تعليم اللغة التركية مع الدكتور ""محمد زبدية "" الحلقة (4)","https://www.youtube.com/watch?v=jnleyKaw2W4","قناة الجسر الفضائية","YouTube","Turkish · Beginner. Turkish from the beginning, taught in Arabic: the alphabet, greetings, and enough to get through a first conversation. Presented by قناة الجسر الفضائية on YouTube.","ar","","L1","BEGINNER","0.4","yes","0","no","LANGUAGES","","","","","","no","","","","Turkish · Beginner. التركية من البداية بشرح عربي: الحروف والتحيات وما يكفي لإتمام محادثة أولى. مقدَّم من قناة الجسر الفضائية على يوتيوب.","Turkish · Beginner. Arapça anlatımla sıfırdan Türkçe: alfabe, selamlaşma ve ilk sohbeti geçirmeye yetecek kadarı. قناة الجسر الفضائية tarafından YouTube'da sunulmaktadır."
"LNG-ij7_RVj40zA","سلسلة تعليم اللغة التركية مع الدكتور "" محمد زبدية "" الحلقة (12)","https://www.youtube.com/watch?v=ij7_RVj40zA","قناة الجسر الفضائية","YouTube","Turkish · Beginner. Turkish from the beginning, taught in Arabic: the alphabet, greetings, and enough to get through a first conversation. Presented by قناة الجسر الفضائية on YouTube.","ar","","L1","BEGINNER","0.4","yes","0","no","LANGUAGES","","","","","","no","","","","Turkish · Beginner. التركية من البداية بشرح عربي: الحروف والتحيات وما يكفي لإتمام محادثة أولى. مقدَّم من قناة الجسر الفضائية على يوتيوب.","Turkish · Beginner. Arapça anlatımla sıfırdan Türkçe: alfabe, selamlaşma ve ilk sohbeti geçirmeye yetecek kadarı. قناة الجسر الفضائية tarafından YouTube'da sunulmaktadır."
"LNG-38mLpA8MIZU","في 30 دقيقة فقط تعلم القراءة والكتابة باللغة التركية _الدرس الأول (1) تعلم اللغة التركية","https://www.youtube.com/watch?v=38mLpA8MIZU","عبد العزيز الخللو_تعلم اللغة التركية","YouTube","Turkish · Beginner. Turkish from the beginning, taught in Arabic: the alphabet, greetings, and enough to get through a first conversation. Presented by عبد العزيز الخللو_تعلم اللغة التركية on YouTube.","ar","","L1","BEGINNER","0.6","yes","0","no","LANGUAGES","","","","","","no","","","","Turkish · Beginner. التركية من البداية بشرح عربي: الحروف والتحيات وما يكفي لإتمام محادثة أولى. مقدَّم من عبد العزيز الخللو_تعلم اللغة التركية على يوتيوب.","Turkish · Beginner. Arapça anlatımla sıfırdan Türkçe: alfabe, selamlaşma ve ilk sohbeti geçirmeye yetecek kadarı. عبد العزيز الخللو_تعلم اللغة التركية tarafından YouTube'da sunulmaktadır."
"LNG-rw5_QHr7Ne8","تعلم اللغة التركية كلها في 3 ساعات فقط ! خلاصة قواعد اللغة التركية / ملخص تحضير لامتحان تومر","https://www.youtube.com/watch?v=rw5_QHr7Ne8","إحسان عصفور","YouTube","Turkish · Beginner. Turkish from the beginning, taught in Arabic: the alphabet, greetings, and enough to get through a first conversation. Presented by إحسان عصفور on YouTube.","ar","","L1","BEGINNER","3","yes","0","no","LANGUAGES","","","","","","no","","","","Turkish · Beginner. التركية من البداية بشرح عربي: الحروف والتحيات وما يكفي لإتمام محادثة أولى. مقدَّم من إحسان عصفور على يوتيوب.","Turkish · Beginner. Arapça anlatımla sıfırdan Türkçe: alfabe, selamlaşma ve ilk sohbeti geçirmeye yetecek kadarı. إحسان عصفور tarafından YouTube'da sunulmaktadır."
"LNG-eiMadhPOJZQ","اهم 200 جملة باللغة التركية","https://www.youtube.com/watch?v=eiMadhPOJZQ","YAPARSIN تعلم التركية مع","YouTube","Turkish · Conversation. Everyday Turkish conversation explained in Arabic — the sentences that actually come up at work and in the street. Presented by YAPARSIN تعلم التركية مع on YouTube.","ar","","L1","INTERMEDIATE","0.6","yes","0","no","LANGUAGES","","","","","","no","","","","Turkish · Conversation. محادثة تركية يومية بشرح عربي — الجمل التي تتكرر فعلًا في العمل وفي الشارع. مقدَّم من YAPARSIN تعلم التركية مع على يوتيوب.","Turkish · Conversation. Arapça açıklamalı günlük Türkçe konuşma — işte ve sokakta gerçekten geçen cümleler. YAPARSIN تعلم التركية مع tarafından YouTube'da sunulmaktadır."
"LNG-QNKLvWAet1c","أهم 250 سؤال ممكن تسألهم أو يسألوك عنهم باللغة التركية","https://www.youtube.com/watch?v=QNKLvWAet1c","YAPARSIN تعلم التركية مع","YouTube","Turkish · Conversation. Everyday Turkish conversation explained in Arabic — the sentences that actually come up at work and in the street. Presented by YAPARSIN تعلم التركية مع on YouTube.","ar","","L1","INTERMEDIATE","0.7","yes","0","no","LANGUAGES","","","","","","no","","","","Turkish · Conversation. محادثة تركية يومية بشرح عربي — الجمل التي تتكرر فعلًا في العمل وفي الشارع. مقدَّم من YAPARSIN تعلم التركية مع على يوتيوب.","Turkish · Conversation. Arapça açıklamalı günlük Türkçe konuşma — işte ve sokakta gerçekten geçen cümleler. YAPARSIN تعلم التركية مع tarafından YouTube'da sunulmaktadır."
"LNG-Cm7_j3dz80U","ممارسة المحادثة باللغة التركية | الاستخدام اليومي للجمل التركية","https://www.youtube.com/watch?v=Cm7_j3dz80U","Mualimi Akademi","YouTube","Turkish · Conversation. Everyday Turkish conversation explained in Arabic — the sentences that actually come up at work and in the street. Presented by Mualimi Akademi on YouTube.","ar","","L1","INTERMEDIATE","0.6","yes","0","no","LANGUAGES","","","","","","no","","","","Turkish · Conversation. محادثة تركية يومية بشرح عربي — الجمل التي تتكرر فعلًا في العمل وفي الشارع. مقدَّم من Mualimi Akademi على يوتيوب.","Turkish · Conversation. Arapça açıklamalı günlük Türkçe konuşma — işte ve sokakta gerçekten geçen cümleler. Mualimi Akademi tarafından YouTube'da sunulmaktadır."
"LNG-n_YMJJUbQNo","ممارسة المحادثة باللغة التركية لتحسين مهارات الاستماع والتحدث باللغة التركية","https://www.youtube.com/watch?v=n_YMJJUbQNo","Mualimi Akademi","YouTube","Turkish · Conversation. Everyday Turkish conversation explained in Arabic — the sentences that actually come up at work and in the street. Presented by Mualimi Akademi on YouTube.","ar","","L1","INTERMEDIATE","0.4","yes","0","no","LANGUAGES","","","","","","no","","","","Turkish · Conversation. محادثة تركية يومية بشرح عربي — الجمل التي تتكرر فعلًا في العمل وفي الشارع. مقدَّم من Mualimi Akademi على يوتيوب.","Turkish · Conversation. Arapça açıklamalı günlük Türkçe konuşma — işte ve sokakta gerçekten geçen cümleler. Mualimi Akademi tarafından YouTube'da sunulmaktadır."
"LNG-Wz03-V5X22Q","احفظ هذه الكلمات وابدأ أول محادثة لك باللغة التركية","https://www.youtube.com/watch?v=Wz03-V5X22Q","Walid Salahuddin - تعلم التركية","YouTube","Turkish · Conversation. Everyday Turkish conversation explained in Arabic — the sentences that actually come up at work and in the street. Presented by Walid Salahuddin - تعلم التركية on YouTube.","ar","","L1","INTERMEDIATE","0.7","yes","0","no","LANGUAGES","","","","","","no","","","","Turkish · Conversation. محادثة تركية يومية بشرح عربي — الجمل التي تتكرر فعلًا في العمل وفي الشارع. مقدَّم من Walid Salahuddin - تعلم التركية على يوتيوب.","Turkish · Conversation. Arapça açıklamalı günlük Türkçe konuşma — işte ve sokakta gerçekten geçen cümleler. Walid Salahuddin - تعلم التركية tarafından YouTube'da sunulmaktadır."
"LNG-bqQbqCJYKY8","الاستماع الى المحادثة في اللغة التركية اتقن المحادثة التركية اليومية | تحدث التركية بثقة مثل الاتراك","https://www.youtube.com/watch?v=bqQbqCJYKY8","Mualimi Akademi","YouTube","Turkish · Conversation. Everyday Turkish conversation explained in Arabic — the sentences that actually come up at work and in the street. Presented by Mualimi Akademi on YouTube.","ar","","L1","INTERMEDIATE","0.5","yes","0","no","LANGUAGES","","","","","","no","","","","Turkish · Conversation. محادثة تركية يومية بشرح عربي — الجمل التي تتكرر فعلًا في العمل وفي الشارع. مقدَّم من Mualimi Akademi على يوتيوب.","Turkish · Conversation. Arapça açıklamalı günlük Türkçe konuşma — işte ve sokakta gerçekten geçen cümleler. Mualimi Akademi tarafından YouTube'da sunulmaktadır."
"LNG-M5X36ml1jA0","تعلم اللغة التركية من خلال المحادثة التركية | دليل شامل للمبتدئين باللغة التركية","https://www.youtube.com/watch?v=M5X36ml1jA0","Mualimi Akademi","YouTube","Turkish · Conversation. Everyday Turkish conversation explained in Arabic — the sentences that actually come up at work and in the street. Presented by Mualimi Akademi on YouTube.","ar","","L1","INTERMEDIATE","0.4","yes","0","no","LANGUAGES","","","","","","no","","","","Turkish · Conversation. محادثة تركية يومية بشرح عربي — الجمل التي تتكرر فعلًا في العمل وفي الشارع. مقدَّم من Mualimi Akademi على يوتيوب.","Turkish · Conversation. Arapça açıklamalı günlük Türkçe konuşma — işte ve sokakta gerçekten geçen cümleler. Mualimi Akademi tarafından YouTube'da sunulmaktadır."
"LNG-xyV6BLIMwL0","تعلم اللغة التركية | جديد اهم الجمل التركية بالنقاشات اليومية","https://www.youtube.com/watch?v=xyV6BLIMwL0","تركيا المعرفة لتعلم اللغة التركية ","YouTube","Turkish · Conversation. Everyday Turkish conversation explained in Arabic — the sentences that actually come up at work and in the street. Presented by تركيا المعرفة لتعلم اللغة التركية  on YouTube.","ar","","L1","INTERMEDIATE","0.3","yes","0","no","LANGUAGES","","","","","","no","","","","Turkish · Conversation. محادثة تركية يومية بشرح عربي — الجمل التي تتكرر فعلًا في العمل وفي الشارع. مقدَّم من تركيا المعرفة لتعلم اللغة التركية  على يوتيوب.","Turkish · Conversation. Arapça açıklamalı günlük Türkçe konuşma — işte ve sokakta gerçekten geçen cümleler. تركيا المعرفة لتعلم اللغة التركية  tarafından YouTube'da sunulmaktadır."
"LNG-vVXAy8Gt5r4","كيف تبهر الآخرين بمهاراتك في المحادثة باللغة التركية - ممارسة المحادثة اليومية في اللغة التركية","https://www.youtube.com/watch?v=vVXAy8Gt5r4","Mualimi Akademi","YouTube","Turkish · Conversation. Everyday Turkish conversation explained in Arabic — the sentences that actually come up at work and in the street. Presented by Mualimi Akademi on YouTube.","ar","","L1","INTERMEDIATE","0.8","yes","0","no","LANGUAGES","","","","","","no","","","","Turkish · Conversation. محادثة تركية يومية بشرح عربي — الجمل التي تتكرر فعلًا في العمل وفي الشارع. مقدَّم من Mualimi Akademi على يوتيوب.","Turkish · Conversation. Arapça açıklamalı günlük Türkçe konuşma — işte ve sokakta gerçekten geçen cümleler. Mualimi Akademi tarafından YouTube'da sunulmaktadır."
"LNG-WVSs0V_p0lM","تعلم اللغة التركية | جمل مهمة مع مصطلحات يومية لابد ان تعرفها باللغة التركية","https://www.youtube.com/watch?v=WVSs0V_p0lM","تركيا المعرفة لتعلم اللغة التركية ","YouTube","Turkish · Conversation. Everyday Turkish conversation explained in Arabic — the sentences that actually come up at work and in the street. Presented by تركيا المعرفة لتعلم اللغة التركية  on YouTube.","ar","","L1","INTERMEDIATE","0.3","yes","0","no","LANGUAGES","","","","","","no","","","","Turkish · Conversation. محادثة تركية يومية بشرح عربي — الجمل التي تتكرر فعلًا في العمل وفي الشارع. مقدَّم من تركيا المعرفة لتعلم اللغة التركية  على يوتيوب.","Turkish · Conversation. Arapça açıklamalı günlük Türkçe konuşma — işte ve sokakta gerçekten geçen cümleler. تركيا المعرفة لتعلم اللغة التركية  tarafından YouTube'da sunulmaktadır."
"LNG-Z0ZuNQafRqs","الدرس الثاني (مسوى ثاني): شرح  المصدر  بإضافة  اللاحقة  ma,me","https://www.youtube.com/watch?v=Z0ZuNQafRqs","YAPARSIN تعلم التركية مع","YouTube","Turkish · Intermediate. Turkish grammar in Arabic: cases, tenses and the suffix system that makes the language work. Presented by YAPARSIN تعلم التركية مع on YouTube.","ar","","L1","INTERMEDIATE","0.4","yes","0","no","LANGUAGES","","","","","","no","","","","Turkish · Intermediate. قواعد التركية بالعربي: الحالات والأزمنة ونظام اللواحق الذي تقوم عليه اللغة. مقدَّم من YAPARSIN تعلم التركية مع على يوتيوب.","Turkish · Intermediate. Arapça anlatımla Türkçe dil bilgisi: durumlar, zamanlar ve dili işleten ek sistemi. YAPARSIN تعلم التركية مع tarafından YouTube'da sunulmaktadır."
"LNG-_O1l6uRGqCI","شرح قواعد الوحدة الثانية من مادة تركي تخصص ١ 🇹🇷  Ailemiz","https://www.youtube.com/watch?v=_O1l6uRGqCI","Asian Spices Team","YouTube","Turkish · Intermediate. Turkish grammar in Arabic: cases, tenses and the suffix system that makes the language work. Presented by Asian Spices Team on YouTube.","ar","","L1","INTERMEDIATE","0.3","yes","0","no","LANGUAGES","","","","","","no","","","","Turkish · Intermediate. قواعد التركية بالعربي: الحالات والأزمنة ونظام اللواحق الذي تقوم عليه اللغة. مقدَّم من Asian Spices Team على يوتيوب.","Turkish · Intermediate. Arapça anlatımla Türkçe dil bilgisi: durumlar, zamanlar ve dili işleten ek sistemi. Asian Spices Team tarafından YouTube'da sunulmaktadır."
"LNG-BAIJRqVVUBI","كل الأزمنة في اللغة التركية, فيديو يعادل كورس كامل","https://www.youtube.com/watch?v=BAIJRqVVUBI","YAPARSIN تعلم التركية مع","YouTube","Turkish · Intermediate. Turkish grammar in Arabic: cases, tenses and the suffix system that makes the language work. Presented by YAPARSIN تعلم التركية مع on YouTube.","ar","","L1","INTERMEDIATE","0.7","yes","0","no","LANGUAGES","","","","","","no","","","","Turkish · Intermediate. قواعد التركية بالعربي: الحالات والأزمنة ونظام اللواحق الذي تقوم عليه اللغة. مقدَّم من YAPARSIN تعلم التركية مع على يوتيوب.","Turkish · Intermediate. Arapça anlatımla Türkçe dil bilgisi: durumlar, zamanlar ve dili işleten ek sistemi. YAPARSIN تعلم التركية مع tarafından YouTube'da sunulmaktadır."
"LNG-cnD2sNZd16w","الدرس (25) مستوى أول : Şimdiki Zaman الزمن الحاضر في اللغة التركية","https://www.youtube.com/watch?v=cnD2sNZd16w","YAPARSIN تعلم التركية مع","YouTube","Turkish · Intermediate. Turkish grammar in Arabic: cases, tenses and the suffix system that makes the language work. Presented by YAPARSIN تعلم التركية مع on YouTube.","ar","","L1","INTERMEDIATE","0.6","yes","0","no","LANGUAGES","","","","","","no","","","","Turkish · Intermediate. قواعد التركية بالعربي: الحالات والأزمنة ونظام اللواحق الذي تقوم عليه اللغة. مقدَّم من YAPARSIN تعلم التركية مع على يوتيوب.","Turkish · Intermediate. Arapça anlatımla Türkçe dil bilgisi: durumlar, zamanlar ve dili işleten ek sistemi. YAPARSIN تعلم التركية مع tarafından YouTube'da sunulmaktadır."
"LNG-kukvUblLYdc","الدرس التاسع: هذا الدرس هو أساس القواعد المتقدمة "" ضمائر الملكية ""","https://www.youtube.com/watch?v=kukvUblLYdc","اللغة التركية مع الدكتور حمزة","YouTube","Turkish · Intermediate. Turkish grammar in Arabic: cases, tenses and the suffix system that makes the language work. Presented by اللغة التركية مع الدكتور حمزة on YouTube.","ar","","L1","INTERMEDIATE","0.4","yes","0","no","LANGUAGES","","","","","","no","","","","Turkish · Intermediate. قواعد التركية بالعربي: الحالات والأزمنة ونظام اللواحق الذي تقوم عليه اللغة. مقدَّم من اللغة التركية مع الدكتور حمزة على يوتيوب.","Turkish · Intermediate. Arapça anlatımla Türkçe dil bilgisi: durumlar, zamanlar ve dili işleten ek sistemi. اللغة التركية مع الدكتور حمزة tarafından YouTube'da sunulmaktadır."
"LNG-iVj3Eycb7qA","تعلم اللغة التركية | 500 جملة تركية إستمع و تحدث التركية بطلاقة","https://www.youtube.com/watch?v=iVj3Eycb7qA","تركيا المعرفة لتعلم اللغة التركية ","YouTube","Turkish · Intermediate. Turkish grammar in Arabic: cases, tenses and the suffix system that makes the language work. Presented by تركيا المعرفة لتعلم اللغة التركية  on YouTube.","ar","","L1","INTERMEDIATE","0.5","yes","0","no","LANGUAGES","","","","","","no","","","","Turkish · Intermediate. قواعد التركية بالعربي: الحالات والأزمنة ونظام اللواحق الذي تقوم عليه اللغة. مقدَّم من تركيا المعرفة لتعلم اللغة التركية  على يوتيوب.","Turkish · Intermediate. Arapça anlatımla Türkçe dil bilgisi: durumlar, zamanlar ve dili işleten ek sistemi. تركيا المعرفة لتعلم اللغة التركية  tarafından YouTube'da sunulmaktadır."
"LNG-7tHvvYrv6mU","كل كلمات اللغة التركية في كل المستويات A1, A2, B1, B2, C1, C2 أكثر 3500 كلمة استعمالا مع ترجمةوأمثلة","https://www.youtube.com/watch?v=7tHvvYrv6mU","إحسان عصفور","YouTube","Turkish · Intermediate. Turkish grammar in Arabic: cases, tenses and the suffix system that makes the language work. Presented by إحسان عصفور on YouTube.","ar","","L1","INTERMEDIATE","10.7","yes","0","no","LANGUAGES","","","","","","no","","","","Turkish · Intermediate. قواعد التركية بالعربي: الحالات والأزمنة ونظام اللواحق الذي تقوم عليه اللغة. مقدَّم من إحسان عصفور على يوتيوب.","Turkish · Intermediate. Arapça anlatımla Türkçe dil bilgisi: durumlar, zamanlar ve dili işleten ek sistemi. إحسان عصفور tarafından YouTube'da sunulmaktadır."
"LNG-E9tBD2Jt7io","مراجعة عامة على قواعد اللغة التركية وكيفية الترجمة من اللغة العربية إلى اللغة التركية ومحادثة تدريب","https://www.youtube.com/watch?v=E9tBD2Jt7io","يوميات مترجمة معتمدة في تركيا Hager ve Emir  🇹🇷 ","YouTube","Turkish · Intermediate. Turkish grammar in Arabic: cases, tenses and the suffix system that makes the language work. Presented by يوميات مترجمة معتمدة في تركيا Hager ve Emir  🇹🇷  on YouTube.","ar","","L1","INTERMEDIATE","1.6","yes","0","no","LANGUAGES","","","","","","no","","","","Turkish · Intermediate. قواعد التركية بالعربي: الحالات والأزمنة ونظام اللواحق الذي تقوم عليه اللغة. مقدَّم من يوميات مترجمة معتمدة في تركيا Hager ve Emir  🇹🇷  على يوتيوب.","Turkish · Intermediate. Arapça anlatımla Türkçe dil bilgisi: durumlar, zamanlar ve dili işleten ek sistemi. يوميات مترجمة معتمدة في تركيا Hager ve Emir  🇹🇷  tarafından YouTube'da sunulmaktadır."
"LNG-Zgl7EbOWgTU","معقول لهي الدرجة سهل المضاف والمضاف إليه | في اللغة التركية ؟؟؟ | شرح لا مثيل له","https://www.youtube.com/watch?v=Zgl7EbOWgTU","With Kabbani - ومضات مع قباني","YouTube","Turkish · Intermediate. Turkish grammar in Arabic: cases, tenses and the suffix system that makes the language work. Presented by With Kabbani - ومضات مع قباني on YouTube.","ar","","L1","INTERMEDIATE","0.6","yes","0","no","LANGUAGES","","","","","","no","","","","Turkish · Intermediate. قواعد التركية بالعربي: الحالات والأزمنة ونظام اللواحق الذي تقوم عليه اللغة. مقدَّم من With Kabbani - ومضات مع قباني على يوتيوب.","Turkish · Intermediate. Arapça anlatımla Türkçe dil bilgisi: durumlar, zamanlar ve dili işleten ek sistemi. With Kabbani - ومضات مع قباني tarafından YouTube'da sunulmaktadır."
"LNG-2MpmbtPB-XA","أدوات السؤال mi mı mu mü لاحقة الجمع lar ler في اللغة التركية","https://www.youtube.com/watch?v=2MpmbtPB-XA","Hakan education","YouTube","Turkish · Intermediate. Turkish grammar in Arabic: cases, tenses and the suffix system that makes the language work. Presented by Hakan education on YouTube.","ar","","L1","INTERMEDIATE","0.6","yes","0","no","LANGUAGES","","","","","","no","","","","Turkish · Intermediate. قواعد التركية بالعربي: الحالات والأزمنة ونظام اللواحق الذي تقوم عليه اللغة. مقدَّم من Hakan education على يوتيوب.","Turkish · Intermediate. Arapça anlatımla Türkçe dil bilgisi: durumlar, zamanlar ve dili işleten ek sistemi. Hakan education tarafından YouTube'da sunulmaktadır."
"LNG-YCu45ILtikE","Learn Turkish in 25 Minutes - ALL the Basics You Need","https://www.youtube.com/watch?v=YCu45ILtikE","Learn Turkish with TurkishClass101.com","YouTube","Turkish · Beginner. Turkish from zero in English: pronunciation, essential phrases and the basics of sentence structure. Presented by Learn Turkish with TurkishClass101.com on YouTube.","en","","L1","BEGINNER","0.4","yes","0","no","LANGUAGES","","","","","","no","","","","Turkish · Beginner. التركية من الصفر بالإنجليزية: النطق والعبارات الأساسية وبنية الجملة. مقدَّم من Learn Turkish with TurkishClass101.com على يوتيوب.","Turkish · Beginner. İngilizce anlatımla sıfırdan Türkçe: telaffuz, temel ifadeler ve cümle yapısının esasları. Learn Turkish with TurkishClass101.com tarafından YouTube'da sunulmaktadır."
"LNG-DyXdpGILaa4","Learn Turkish - 4 Hours of Turkish Lessons in 1 Video | Language Animated","https://www.youtube.com/watch?v=DyXdpGILaa4","Language Animated","YouTube","Turkish · Beginner. Turkish from zero in English: pronunciation, essential phrases and the basics of sentence structure. Presented by Language Animated on YouTube.","en","","L1","BEGINNER","4","yes","0","no","LANGUAGES","","","","","","no","","","","Turkish · Beginner. التركية من الصفر بالإنجليزية: النطق والعبارات الأساسية وبنية الجملة. مقدَّم من Language Animated على يوتيوب.","Turkish · Beginner. İngilizce anlatımla sıfırdan Türkçe: telaffuz, temel ifadeler ve cümle yapısının esasları. Language Animated tarafından YouTube'da sunulmaktadır."
"LNG-N2KnKIfCcI8","Learn Turkish in 6 Hours - ALL Turkish Absolute Beginners Need","https://www.youtube.com/watch?v=N2KnKIfCcI8","Learn Turkish with TurkishClass101.com","YouTube","Turkish · Beginner. Turkish from zero in English: pronunciation, essential phrases and the basics of sentence structure. Presented by Learn Turkish with TurkishClass101.com on YouTube.","en","","L1","BEGINNER","6.2","yes","0","no","LANGUAGES","","","","","","no","","","","Turkish · Beginner. التركية من الصفر بالإنجليزية: النطق والعبارات الأساسية وبنية الجملة. مقدَّم من Learn Turkish with TurkishClass101.com على يوتيوب.","Turkish · Beginner. İngilizce anlatımla sıfırdan Türkçe: telaffuz, temel ifadeler ve cümle yapısının esasları. Learn Turkish with TurkishClass101.com tarafından YouTube'da sunulmaktadır."
"LNG-VPq8O-aqEhk","Speak Real Turkish with Only 30 Sentence Patterns","https://www.youtube.com/watch?v=VPq8O-aqEhk","Turkishle","YouTube","Turkish · Beginner. Turkish from zero in English: pronunciation, essential phrases and the basics of sentence structure. Presented by Turkishle on YouTube.","en","","L1","BEGINNER","0.5","yes","0","no","LANGUAGES","","","","","","no","","","","Turkish · Beginner. التركية من الصفر بالإنجليزية: النطق والعبارات الأساسية وبنية الجملة. مقدَّم من Turkishle على يوتيوب.","Turkish · Beginner. İngilizce anlatımla sıfırdan Türkçe: telaffuz, temel ifadeler ve cümle yapısının esasları. Turkishle tarafından YouTube'da sunulmaktadır."
"LNG-B6IRXUFjv7Q","7 BEST Books For Learning Turkish (Ranked by a Teacher)","https://www.youtube.com/watch?v=B6IRXUFjv7Q","Turkishle","YouTube","Turkish · Beginner. Turkish from zero in English: pronunciation, essential phrases and the basics of sentence structure. Presented by Turkishle on YouTube.","en","","L1","BEGINNER","0.4","yes","0","no","LANGUAGES","","","","","","no","","","","Turkish · Beginner. التركية من الصفر بالإنجليزية: النطق والعبارات الأساسية وبنية الجملة. مقدَّم من Turkishle على يوتيوب.","Turkish · Beginner. İngilizce anlatımla sıfırdan Türkçe: telaffuz, temel ifadeler ve cümle yapısının esasları. Turkishle tarafından YouTube'da sunulmaktadır."
"LNG-yASg5xBrrAw","Learn Turkish in 3 Hours - ALL the Turkish Basics You Need","https://www.youtube.com/watch?v=yASg5xBrrAw","Learn Turkish with TurkishClass101.com","YouTube","Turkish · Beginner. Turkish from zero in English: pronunciation, essential phrases and the basics of sentence structure. Presented by Learn Turkish with TurkishClass101.com on YouTube.","en","","L1","BEGINNER","3","yes","0","no","LANGUAGES","","","","","","no","","","","Turkish · Beginner. التركية من الصفر بالإنجليزية: النطق والعبارات الأساسية وبنية الجملة. مقدَّم من Learn Turkish with TurkishClass101.com على يوتيوب.","Turkish · Beginner. İngilizce anlatımla sıfırdan Türkçe: telaffuz, temel ifadeler ve cümle yapısının esasları. Learn Turkish with TurkishClass101.com tarafından YouTube'da sunulmaktadır."
"LNG-pqyoYY4ILKw","All Turkish in one video. All 100 Lessons. Learn Turkish. Most important Turkish phrases and words.","https://www.youtube.com/watch?v=pqyoYY4ILKw","Linguify","YouTube","Turkish · Beginner. Turkish from zero in English: pronunciation, essential phrases and the basics of sentence structure. Presented by Linguify on YouTube.","en","","L1","BEGINNER","6","yes","0","no","LANGUAGES","","","","","","no","","","","Turkish · Beginner. التركية من الصفر بالإنجليزية: النطق والعبارات الأساسية وبنية الجملة. مقدَّم من Linguify على يوتيوب.","Turkish · Beginner. İngilizce anlatımla sıfırdan Türkçe: telaffuz, temel ifadeler ve cümle yapısının esasları. Linguify tarafından YouTube'da sunulmaktadır."
"LNG-dCR3Z7TsE6g","The Ultimate Turkish Grammar Guide","https://www.youtube.com/watch?v=dCR3Z7TsE6g","Learn Turkish with TurkishClass101.com","YouTube","Turkish · Beginner. Turkish from zero in English: pronunciation, essential phrases and the basics of sentence structure. Presented by Learn Turkish with TurkishClass101.com on YouTube.","en","","L1","BEGINNER","3","yes","0","no","LANGUAGES","","","","","","no","","","","Turkish · Beginner. التركية من الصفر بالإنجليزية: النطق والعبارات الأساسية وبنية الجملة. مقدَّم من Learn Turkish with TurkishClass101.com على يوتيوب.","Turkish · Beginner. İngilizce anlatımla sıfırdan Türkçe: telaffuz, temel ifadeler ve cümle yapısının esasları. Learn Turkish with TurkishClass101.com tarafından YouTube'da sunulmaktadır."
"LNG-wGnXOuSGfHo","1 HOUR TURKISH LISTENING AND READING PRACTICE - Learn Turkish Easily | Language Animated","https://www.youtube.com/watch?v=wGnXOuSGfHo","Language Animated","YouTube","Turkish · Beginner. Turkish from zero in English: pronunciation, essential phrases and the basics of sentence structure. Presented by Language Animated on YouTube.","en","","L1","BEGINNER","1.2","yes","0","no","LANGUAGES","","","","","","no","","","","Turkish · Beginner. التركية من الصفر بالإنجليزية: النطق والعبارات الأساسية وبنية الجملة. مقدَّم من Language Animated على يوتيوب.","Turkish · Beginner. İngilizce anlatımla sıfırdan Türkçe: telaffuz, temel ifadeler ve cümle yapısının esasları. Language Animated tarafından YouTube'da sunulmaktadır."
"LNG--ZhTCbrDqRg","Learn Turkish with the TV Show Friends","https://www.youtube.com/watch?v=-ZhTCbrDqRg","Turkishle","YouTube","Turkish · Beginner. Turkish from zero in English: pronunciation, essential phrases and the basics of sentence structure. Presented by Turkishle on YouTube.","en","","L1","BEGINNER","0.4","yes","0","no","LANGUAGES","","","","","","no","","","","Turkish · Beginner. التركية من الصفر بالإنجليزية: النطق والعبارات الأساسية وبنية الجملة. مقدَّم من Turkishle على يوتيوب.","Turkish · Beginner. İngilizce anlatımla sıfırdan Türkçe: telaffuz, temel ifadeler ve cümle yapısının esasları. Turkishle tarafından YouTube'da sunulmaktadır."
"LNG-9nWjBliq_oQ","20 Daily Turkish Conversations - Turkish Practice for Intermediate learners","https://www.youtube.com/watch?v=9nWjBliq_oQ","Learn Turkish with TurkishClass101.com","YouTube","Turkish · Conversation. Turkish conversation practice for people who have the basics and need to actually speak. Presented by Learn Turkish with TurkishClass101.com on YouTube.","en","","L1","INTERMEDIATE","0.6","yes","0","no","LANGUAGES","","","","","","no","","","","Turkish · Conversation. تدريب محادثة تركية لمن أتقن الأساسيات ويحتاج أن يتكلم فعليًا. مقدَّم من Learn Turkish with TurkishClass101.com على يوتيوب.","Turkish · Conversation. Temelleri olan ve artık konuşması gereken kişiler için Türkçe konuşma pratiği. Learn Turkish with TurkishClass101.com tarafından YouTube'da sunulmaktadır."
"LNG-fOMpGZ-9uAg","45 Minutes of Intermediate Turkish Listening Comprehension","https://www.youtube.com/watch?v=fOMpGZ-9uAg","Learn Turkish with TurkishClass101.com","YouTube","Turkish · Conversation. Turkish conversation practice for people who have the basics and need to actually speak. Presented by Learn Turkish with TurkishClass101.com on YouTube.","en","","L1","INTERMEDIATE","0.8","yes","0","no","LANGUAGES","","","","","","no","","","","Turkish · Conversation. تدريب محادثة تركية لمن أتقن الأساسيات ويحتاج أن يتكلم فعليًا. مقدَّم من Learn Turkish with TurkishClass101.com على يوتيوب.","Turkish · Conversation. Temelleri olan ve artık konuşması gereken kişiler için Türkçe konuşma pratiği. Learn Turkish with TurkishClass101.com tarafından YouTube'da sunulmaktadır."
"LNG-zyUpwXC_y4k","Slow Turkish Conversation(with subtitles)","https://www.youtube.com/watch?v=zyUpwXC_y4k","Turkishle","YouTube","Turkish · Conversation. Turkish conversation practice for people who have the basics and need to actually speak. Presented by Turkishle on YouTube.","en","","L1","INTERMEDIATE","0.4","yes","0","no","LANGUAGES","","","","","","no","","","","Turkish · Conversation. تدريب محادثة تركية لمن أتقن الأساسيات ويحتاج أن يتكلم فعليًا. مقدَّم من Turkishle على يوتيوب.","Turkish · Conversation. Temelleri olan ve artık konuşması gereken kişiler için Türkçe konuşma pratiği. Turkishle tarafından YouTube'da sunulmaktadır."
"LNG-XlT4qJdWeiU","2 Hours of Daily Turkish Conversations - Turkish Practice for ALL Learners","https://www.youtube.com/watch?v=XlT4qJdWeiU","Learn Turkish with TurkishClass101.com","YouTube","Turkish · Conversation. Turkish conversation practice for people who have the basics and need to actually speak. Presented by Learn Turkish with TurkishClass101.com on YouTube.","en","","L1","INTERMEDIATE","2","yes","0","no","LANGUAGES","","","","","","no","","","","Turkish · Conversation. تدريب محادثة تركية لمن أتقن الأساسيات ويحتاج أن يتكلم فعليًا. مقدَّم من Learn Turkish with TurkishClass101.com على يوتيوب.","Turkish · Conversation. Temelleri olan ve artık konuşması gereken kişiler için Türkçe konuşma pratiği. Learn Turkish with TurkishClass101.com tarafından YouTube'da sunulmaktadır."
"LNG-y8J8SnupTss","1000 Short TURKISH Phrases - Speak like a Native - IMPROVE your VOCABULARY","https://www.youtube.com/watch?v=y8J8SnupTss","Useful Turkish with Chris","YouTube","Turkish · Conversation. Turkish conversation practice for people who have the basics and need to actually speak. Presented by Useful Turkish with Chris on YouTube.","en","","L1","INTERMEDIATE","3.2","yes","0","no","LANGUAGES","","","","","","no","","","","Turkish · Conversation. تدريب محادثة تركية لمن أتقن الأساسيات ويحتاج أن يتكلم فعليًا. مقدَّم من Useful Turkish with Chris على يوتيوب.","Turkish · Conversation. Temelleri olan ve artık konuşması gereken kişiler için Türkçe konuşma pratiği. Useful Turkish with Chris tarafından YouTube'da sunulmaktadır."
"LNG-AWJPNXvKZJQ","3 Hours of Turkish Conversation Practice - Improve Speaking Skills","https://www.youtube.com/watch?v=AWJPNXvKZJQ","Learn Turkish with TurkishClass101.com","YouTube","Turkish · Conversation. Turkish conversation practice for people who have the basics and need to actually speak. Presented by Learn Turkish with TurkishClass101.com on YouTube.","en","","L1","INTERMEDIATE","3.1","yes","0","no","LANGUAGES","","","","","","no","","","","Turkish · Conversation. تدريب محادثة تركية لمن أتقن الأساسيات ويحتاج أن يتكلم فعليًا. مقدَّم من Learn Turkish with TurkishClass101.com على يوتيوب.","Turkish · Conversation. Temelleri olan ve artık konuşması gereken kişiler için Türkçe konuşma pratiği. Learn Turkish with TurkishClass101.com tarafından YouTube'da sunulmaktadır."
"LNG-C1HrOJS_DeY","1 Hour Listening and Shadowing | Practice Turkish Conversation | Learn Turkish with Podcast | A1–B1","https://www.youtube.com/watch?v=C1HrOJS_DeY","Turkish Unleashed ","YouTube","Turkish · Conversation. Turkish conversation practice for people who have the basics and need to actually speak. Presented by Turkish Unleashed  on YouTube.","en","","L1","INTERMEDIATE","0.5","yes","0","no","LANGUAGES","","","","","","no","","","","Turkish · Conversation. تدريب محادثة تركية لمن أتقن الأساسيات ويحتاج أن يتكلم فعليًا. مقدَّم من Turkish Unleashed  على يوتيوب.","Turkish · Conversation. Temelleri olan ve artık konuşması gereken kişiler için Türkçe konuşma pratiği. Turkish Unleashed  tarafından YouTube'da sunulmaktadır."
"LNG-28k0guTzHds","Learn Turkish: 15 Daily Dialogues in 33 Minutes | Beginner to Advanced","https://www.youtube.com/watch?v=28k0guTzHds","Turkish Learning Everyday","YouTube","Turkish · Conversation. Turkish conversation practice for people who have the basics and need to actually speak. Presented by Turkish Learning Everyday on YouTube.","en","","L1","INTERMEDIATE","0.6","yes","0","no","LANGUAGES","","","","","","no","","","","Turkish · Conversation. تدريب محادثة تركية لمن أتقن الأساسيات ويحتاج أن يتكلم فعليًا. مقدَّم من Turkish Learning Everyday على يوتيوب.","Turkish · Conversation. Temelleri olan ve artık konuşması gereken kişiler için Türkçe konuşma pratiği. Turkish Learning Everyday tarafından YouTube'da sunulmaktadır."
"LNG-4Z7Yw_8ToJQ","45 Minutes of Turkish Conversation Practice - Improve Speaking Skills","https://www.youtube.com/watch?v=4Z7Yw_8ToJQ","Learn Turkish with TurkishClass101.com","YouTube","Turkish · Conversation. Turkish conversation practice for people who have the basics and need to actually speak. Presented by Learn Turkish with TurkishClass101.com on YouTube.","en","","L1","INTERMEDIATE","0.7","yes","0","no","LANGUAGES","","","","","","no","","","","Turkish · Conversation. تدريب محادثة تركية لمن أتقن الأساسيات ويحتاج أن يتكلم فعليًا. مقدَّم من Learn Turkish with TurkishClass101.com على يوتيوب.","Turkish · Conversation. Temelleri olan ve artık konuşması gereken kişiler için Türkçe konuşma pratiği. Learn Turkish with TurkishClass101.com tarafından YouTube'da sunulmaktadır."
"LNG-ZdFdrhTjdBk","2 Hours of Turkish Listening Comprehension","https://www.youtube.com/watch?v=ZdFdrhTjdBk","Learn Turkish with TurkishClass101.com","YouTube","Turkish · Conversation. Turkish conversation practice for people who have the basics and need to actually speak. Presented by Learn Turkish with TurkishClass101.com on YouTube.","en","","L1","INTERMEDIATE","2.6","yes","0","no","LANGUAGES","","","","","","no","","","","Turkish · Conversation. تدريب محادثة تركية لمن أتقن الأساسيات ويحتاج أن يتكلم فعليًا. مقدَّم من Learn Turkish with TurkishClass101.com على يوتيوب.","Turkish · Conversation. Temelleri olan ve artık konuşması gereken kişiler için Türkçe konuşma pratiği. Learn Turkish with TurkishClass101.com tarafından YouTube'da sunulmaktadır."
"LNG-1MyNwXIMfeQ","5 günde A2 Arapça öğreniyorum| Ders 01| #arapça #arapça_öğren #arapçadersleri","https://www.youtube.com/watch?v=1MyNwXIMfeQ","Master Of Language Hacking | Türkçe ","YouTube","Arabic · Beginner. Arabic from the beginning, taught in Turkish — the alphabet and the phrases that open a conversation. Presented by Master Of Language Hacking | Türkçe  on YouTube.","tr","","L1","BEGINNER","0.4","yes","0","no","LANGUAGES","","","","","","no","","","","Arabic · Beginner. العربية من البداية بشرح تركي — الحروف والعبارات التي تفتح المحادثة. مقدَّم من Master Of Language Hacking | Türkçe  على يوتيوب.","Arabic · Beginner. Türkçe anlatımla sıfırdan Arapça — alfabe ve sohbeti başlatan ifadeler. Master Of Language Hacking | Türkçe  tarafından YouTube'da sunulmaktadır."
"LNG-r6qMEY3O9P8","30 dakikada A1 Arapça| Böyle Öğretmenimiz Olsaydı Çoktan Arapça Öğrenmiştik","https://www.youtube.com/watch?v=r6qMEY3O9P8","Master Of Language Hacking | Türkçe ","YouTube","Arabic · Beginner. Arabic from the beginning, taught in Turkish — the alphabet and the phrases that open a conversation. Presented by Master Of Language Hacking | Türkçe  on YouTube.","tr","","L1","BEGINNER","0.5","yes","0","no","LANGUAGES","","","","","","no","","","","Arabic · Beginner. العربية من البداية بشرح تركي — الحروف والعبارات التي تفتح المحادثة. مقدَّم من Master Of Language Hacking | Türkçe  على يوتيوب.","Arabic · Beginner. Türkçe anlatımla sıfırdan Arapça — alfabe ve sohbeti başlatan ifadeler. Master Of Language Hacking | Türkçe  tarafından YouTube'da sunulmaktadır."
"LNG-Sn9xTdXC1Z8","2) Sıfırdan Arapça A1 | Ülkeler ve Milletler 2. Kısım | El Arabiyyetü Beyne Yedeyk","https://www.youtube.com/watch?v=Sn9xTdXC1Z8","Beyne Akademi","YouTube","Arabic · Beginner. Arabic from the beginning, taught in Turkish — the alphabet and the phrases that open a conversation. Presented by Beyne Akademi on YouTube.","tr","","L1","BEGINNER","0.3","yes","0","no","LANGUAGES","","","","","","no","","","","Arabic · Beginner. العربية من البداية بشرح تركي — الحروف والعبارات التي تفتح المحادثة. مقدَّم من Beyne Akademi على يوتيوب.","Arabic · Beginner. Türkçe anlatımla sıfırdan Arapça — alfabe ve sohbeti başlatan ifadeler. Beyne Akademi tarafından YouTube'da sunulmaktadır."
"LNG-On3hWT2vA9I","Sıfırdan Kolay Arapça Dersleri 1/1 Giriş","https://www.youtube.com/watch?v=On3hWT2vA9I","Dr. Ramazan TUTAL","YouTube","Arabic · Beginner. Arabic from the beginning, taught in Turkish — the alphabet and the phrases that open a conversation. Presented by Dr. Ramazan TUTAL on YouTube.","tr","","L1","BEGINNER","0.3","yes","0","no","LANGUAGES","","","","","","no","","","","Arabic · Beginner. العربية من البداية بشرح تركي — الحروف والعبارات التي تفتح المحادثة. مقدَّم من Dr. Ramazan TUTAL على يوتيوب.","Arabic · Beginner. Türkçe anlatımla sıfırdan Arapça — alfabe ve sohbeti başlatan ifadeler. Dr. Ramazan TUTAL tarafından YouTube'da sunulmaktadır."
"LNG-2lqEndgMArw","Sıfırdan Kolay Arapça Dersleri 1/27 (Kitapları Teslim Almak)","https://www.youtube.com/watch?v=2lqEndgMArw","Dr. Ramazan TUTAL","YouTube","Arabic · Beginner. Arabic from the beginning, taught in Turkish — the alphabet and the phrases that open a conversation. Presented by Dr. Ramazan TUTAL on YouTube.","tr","","L1","BEGINNER","1","yes","0","no","LANGUAGES","","","","","","no","","","","Arabic · Beginner. العربية من البداية بشرح تركي — الحروف والعبارات التي تفتح المحادثة. مقدَّم من Dr. Ramazan TUTAL على يوتيوب.","Arabic · Beginner. Türkçe anlatımla sıfırdan Arapça — alfabe ve sohbeti başlatan ifadeler. Dr. Ramazan TUTAL tarafından YouTube'da sunulmaktadır."
"LNG-2Hekrpo2slw","Sıfırdan Kolay Arapça Dersleri 1/28 (Sınav Programı)","https://www.youtube.com/watch?v=2Hekrpo2slw","Dr. Ramazan TUTAL","YouTube","Arabic · Beginner. Arabic from the beginning, taught in Turkish — the alphabet and the phrases that open a conversation. Presented by Dr. Ramazan TUTAL on YouTube.","tr","","L1","BEGINNER","1.1","yes","0","no","LANGUAGES","","","","","","no","","","","Arabic · Beginner. العربية من البداية بشرح تركي — الحروف والعبارات التي تفتح المحادثة. مقدَّم من Dr. Ramazan TUTAL على يوتيوب.","Arabic · Beginner. Türkçe anlatımla sıfırdan Arapça — alfabe ve sohbeti başlatan ifadeler. Dr. Ramazan TUTAL tarafından YouTube'da sunulmaktadır."
"LNG-0dIZwgnBMUI","Görsel Arapça Gramer Seti 1 -  Arapça Öğrenme Ders 12 - En İyi Online Arapça Kursları","https://www.youtube.com/watch?v=0dIZwgnBMUI","Mektupname","YouTube","Arabic · Beginner. Arabic from the beginning, taught in Turkish — the alphabet and the phrases that open a conversation. Presented by Mektupname on YouTube.","tr","","L1","BEGINNER","0.6","yes","0","no","LANGUAGES","","","","","","no","","","","Arabic · Beginner. العربية من البداية بشرح تركي — الحروف والعبارات التي تفتح المحادثة. مقدَّم من Mektupname على يوتيوب.","Arabic · Beginner. Türkçe anlatımla sıfırdan Arapça — alfabe ve sohbeti başlatan ifadeler. Mektupname tarafından YouTube'da sunulmaktadır."
"LNG-sXHAdBL5mz0","Sıfırdan Kolay Arapça Dersleri 1/2 Dershane","https://www.youtube.com/watch?v=sXHAdBL5mz0","Dr. Ramazan TUTAL","YouTube","Arabic · Beginner. Arabic from the beginning, taught in Turkish — the alphabet and the phrases that open a conversation. Presented by Dr. Ramazan TUTAL on YouTube.","tr","","L1","BEGINNER","0.3","yes","0","no","LANGUAGES","","","","","","no","","","","Arabic · Beginner. العربية من البداية بشرح تركي — الحروف والعبارات التي تفتح المحادثة. مقدَّم من Dr. Ramazan TUTAL على يوتيوب.","Arabic · Beginner. Türkçe anlatımla sıfırdan Arapça — alfabe ve sohbeti başlatan ifadeler. Dr. Ramazan TUTAL tarafından YouTube'da sunulmaktadır."
"LNG-OWWLnEXoVgM","Sıfırdan Zirveye Modern Arapça Dersleri A1 Seviyesi 1.Ders - Zikrullah AKGÜL","https://www.youtube.com/watch?v=OWWLnEXoVgM","Klasik Modern Arapça","YouTube","Arabic · Beginner. Arabic from the beginning, taught in Turkish — the alphabet and the phrases that open a conversation. Presented by Klasik Modern Arapça on YouTube.","tr","","L1","BEGINNER","0.8","yes","0","no","LANGUAGES","","","","","","no","","","","Arabic · Beginner. العربية من البداية بشرح تركي — الحروف والعبارات التي تفتح المحادثة. مقدَّم من Klasik Modern Arapça على يوتيوب.","Arabic · Beginner. Türkçe anlatımla sıfırdan Arapça — alfabe ve sohbeti başlatan ifadeler. Klasik Modern Arapça tarafından YouTube'da sunulmaktadır."
"LNG-vGWXLWI5DcY","Arapça Dil Kursu - Ders 1","https://www.youtube.com/watch?v=vGWXLWI5DcY","ORSAM Eğitim","YouTube","Arabic · Beginner. Arabic from the beginning, taught in Turkish — the alphabet and the phrases that open a conversation. Presented by ORSAM Eğitim on YouTube.","tr","","L1","BEGINNER","2.5","yes","0","no","LANGUAGES","","","","","","no","","","","Arabic · Beginner. العربية من البداية بشرح تركي — الحروف والعبارات التي تفتح المحادثة. مقدَّم من ORSAM Eğitim على يوتيوب.","Arabic · Beginner. Türkçe anlatımla sıfırdan Arapça — alfabe ve sohbeti başlatan ifadeler. ORSAM Eğitim tarafından YouTube'da sunulmaktadır."
"LNG-QITuNRHq3o0","كورس تعلم تأسيس اللغة الإنجليزية من الصفر |  قراءه و كتابه انجليزي للمبتدئين لكل المراحل الدراسيه","https://www.youtube.com/watch?v=QITuNRHq3o0","More English - Mai Magedy","YouTube","English · Beginner. English from the beginning, taught in Arabic. Presented by More English - Mai Magedy on YouTube.","ar","","L1","BEGINNER","0.9","yes","0","no","LANGUAGES","","","","","","no","","","","English · Beginner. الإنجليزية من البداية بشرح عربي. مقدَّم من More English - Mai Magedy على يوتيوب.","English · Beginner. Arapça anlatımla sıfırdan İngilizce. More English - Mai Magedy tarafından YouTube'da sunulmaktadır."
"LNG-mP1viG7l3bA","كورس تعلم اللغة الانجليزية للمبتدئين مع نتالي - أساسيات - 1","https://www.youtube.com/watch?v=mP1viG7l3bA","Let's Practice English | تعلم اللغة الانجليزية","YouTube","English · Beginner. English from the beginning, taught in Arabic. Presented by Let's Practice English | تعلم اللغة الانجليزية on YouTube.","ar","","L1","BEGINNER","0.5","yes","0","no","LANGUAGES","","","","","","no","","","","English · Beginner. الإنجليزية من البداية بشرح عربي. مقدَّم من Let's Practice English | تعلم اللغة الانجليزية على يوتيوب.","English · Beginner. Arapça anlatımla sıfırdan İngilizce. Let's Practice English | تعلم اللغة الانجليزية tarafından YouTube'da sunulmaktadır."
"LNG-P_9J7X75wvc","افضل كورس شامل لتعلم اللغه الانجليزيه للمبتدئين من الصفر حتى الاحتراف /الفيديو (1) #تحدث_الإنجليزي","https://www.youtube.com/watch?v=P_9J7X75wvc"," (قناه المهندس كامل التعليميه) تعلم الانجليزيه","YouTube","English · Beginner. English from the beginning, taught in Arabic. Presented by  (قناه المهندس كامل التعليميه) تعلم الانجليزيه on YouTube.","ar","","L1","BEGINNER","0.6","yes","0","no","LANGUAGES","","","","","","no","","","","English · Beginner. الإنجليزية من البداية بشرح عربي. مقدَّم من  (قناه المهندس كامل التعليميه) تعلم الانجليزيه على يوتيوب.","English · Beginner. Arapça anlatımla sıfırdan İngilizce.  (قناه المهندس كامل التعليميه) تعلم الانجليزيه tarafından YouTube'da sunulmaktadır."
"LNG-vLzQpkxNa5c","الكورس التأسيسي في اللغه الانجليزيه | ثانويه عامه و جميع المراحل الدراسيه| تاسيس قراءة كتابه انجليزي","https://www.youtube.com/watch?v=vLzQpkxNa5c","More English - Mai Magedy","YouTube","English · Beginner. English from the beginning, taught in Arabic. Presented by More English - Mai Magedy on YouTube.","ar","","L1","BEGINNER","1.6","yes","0","no","LANGUAGES","","","","","","no","","","","English · Beginner. الإنجليزية من البداية بشرح عربي. مقدَّم من More English - Mai Magedy على يوتيوب.","English · Beginner. Arapça anlatımla sıfırdan İngilizce. More English - Mai Magedy tarafından YouTube'da sunulmaktadır."
"LNG-kyR9HQ1x238","الكورس التأسيسي في الانجليزي - اتعلم الانجليزي من تحت الصفر 2027 | ميس ياسمين ايهاب","https://www.youtube.com/watch?v=kyR9HQ1x238","English with Yasmina ","YouTube","English · Beginner. English from the beginning, taught in Arabic. Presented by English with Yasmina  on YouTube.","ar","","L1","BEGINNER","3.6","yes","0","no","LANGUAGES","","","","","","no","","","","English · Beginner. الإنجليزية من البداية بشرح عربي. مقدَّم من English with Yasmina  على يوتيوب.","English · Beginner. Arapça anlatımla sıfırdan İngilizce. English with Yasmina  tarafından YouTube'da sunulmaktadır."
"LNG-B8hYLqHK2hE","كورس تعلم اللغة الانجليزية الجديد 2026 - المستوى الاول- الحلقه الاولى 1","https://www.youtube.com/watch?v=B8hYLqHK2hE","تعلم الانجليزية مع مراد English Language","YouTube","English · Beginner. English from the beginning, taught in Arabic. Presented by تعلم الانجليزية مع مراد English Language on YouTube.","ar","","L1","BEGINNER","0.8","yes","0","no","LANGUAGES","","","","","","no","","","","English · Beginner. الإنجليزية من البداية بشرح عربي. مقدَّم من تعلم الانجليزية مع مراد English Language على يوتيوب.","English · Beginner. Arapça anlatımla sıfırdan İngilizce. تعلم الانجليزية مع مراد English Language tarafından YouTube'da sunulmaktadır."
"LNG-URp_bePN1ew","أول خطوة لك في تعلم اللغة الإنجليزية من الصفر باسلوب جديد ..","https://www.youtube.com/watch?v=URp_bePN1ew","تعلم الانجليزية مع مراد English Language","YouTube","English · Beginner. English from the beginning, taught in Arabic. Presented by تعلم الانجليزية مع مراد English Language on YouTube.","ar","","L1","BEGINNER","0.5","yes","0","no","LANGUAGES","","","","","","no","","","","English · Beginner. الإنجليزية من البداية بشرح عربي. مقدَّم من تعلم الانجليزية مع مراد English Language على يوتيوب.","English · Beginner. Arapça anlatımla sıfırdan İngilizce. تعلم الانجليزية مع مراد English Language tarafından YouTube'da sunulmaktadır."
"LNG-POWipRsDGho","اولى خطواتك لتعلم التحدث باللغه الانجليزيه للمبتدئين من الصفر بأفضل طريقه مجربه(1)#انجليزي","https://www.youtube.com/watch?v=POWipRsDGho"," (قناه المهندس كامل التعليميه) تعلم الانجليزيه","YouTube","English · Beginner. English from the beginning, taught in Arabic. Presented by  (قناه المهندس كامل التعليميه) تعلم الانجليزيه on YouTube.","ar","","L1","BEGINNER","0.4","yes","0","no","LANGUAGES","","","","","","no","","","","English · Beginner. الإنجليزية من البداية بشرح عربي. مقدَّم من  (قناه المهندس كامل التعليميه) تعلم الانجليزيه على يوتيوب.","English · Beginner. Arapça anlatımla sıfırdan İngilizce.  (قناه المهندس كامل التعليميه) تعلم الانجليزيه tarafından YouTube'da sunulmaktadır."
"LNG-rGWWSTEGJ54","كورس التأسيس في الجرامر | المستوى الأول | الحلقة الأولى | Grammar |ادوات النكرة و المعرفة","https://www.youtube.com/watch?v=rGWWSTEGJ54","مستر انجليزى","YouTube","English · Beginner. English from the beginning, taught in Arabic. Presented by مستر انجليزى on YouTube.","ar","","L1","BEGINNER","1","yes","0","no","LANGUAGES","","","","","","no","","","","English · Beginner. الإنجليزية من البداية بشرح عربي. مقدَّم من مستر انجليزى على يوتيوب.","English · Beginner. Arapça anlatımla sıfırdan İngilizce. مستر انجليزى tarafından YouTube'da sunulmaktadır."
"LNG-bXMr0wg_CPU","الكورس التأسيسي في اللغة الأنجليزية من a to z | جميع الصفوف 2026 | ميس ياسمين ايهاب","https://www.youtube.com/watch?v=bXMr0wg_CPU","English with Yasmina ","YouTube","English · Beginner. English from the beginning, taught in Arabic. Presented by English with Yasmina  on YouTube.","ar","","L1","BEGINNER","5.7","yes","0","no","LANGUAGES","","","","","","no","","","","English · Beginner. الإنجليزية من البداية بشرح عربي. مقدَّم من English with Yasmina  على يوتيوب.","English · Beginner. Arapça anlatımla sıfırdan İngilizce. English with Yasmina  tarafından YouTube'da sunulmaktadır."
"LNG-5cHmQ_a3GgU","كيف تتكلم انجليزي في العمل؟ أهم ٢٥ جملة","https://www.youtube.com/watch?v=5cHmQ_a3GgU","دليلك للانجليزي","YouTube","English · Business. Business English in Arabic: email, meetings and the phrasing that carries weight with a buyer. Presented by دليلك للانجليزي on YouTube.","ar","","L1","INTERMEDIATE","0.6","yes","0","no","LANGUAGES","","","","","","no","","","","English · Business. الإنجليزية للعمل بشرح عربي: البريد والاجتماعات والصياغة التي يقدّرها العميل. مقدَّم من دليلك للانجليزي على يوتيوب.","English · Business. Arapça anlatımla iş İngilizcesi: e-posta, toplantılar ve alıcıya ağırlık taşıyan ifade. دليلك للانجليزي tarafından YouTube'da sunulmaktadır."
"LNG-1H0Fpd6zhsk","الحلقه العاشره - بيزنس بالعربى  - Outlook - الجزء الاول","https://www.youtube.com/watch?v=1H0Fpd6zhsk","Business Bul3araby","YouTube","English · Business. Business English in Arabic: email, meetings and the phrasing that carries weight with a buyer. Presented by Business Bul3araby on YouTube.","ar","","L1","INTERMEDIATE","0.6","yes","0","no","LANGUAGES","","","","","","no","","","","English · Business. الإنجليزية للعمل بشرح عربي: البريد والاجتماعات والصياغة التي يقدّرها العميل. مقدَّم من Business Bul3araby على يوتيوب.","English · Business. Arapça anlatımla iş İngilizcesi: e-posta, toplantılar ve alıcıya ağırlık taşıyan ifade. Business Bul3araby tarafından YouTube'da sunulmaktadır."
"LNG-BKr-ZTN3jg0","حصة الحادي عشر الادبي  تنظيم البريد الالكتروني","https://www.youtube.com/watch?v=BKr-ZTN3jg0","murad abu atwan (murad4tech)","YouTube","English · Business. Business English in Arabic: email, meetings and the phrasing that carries weight with a buyer. Presented by murad abu atwan (murad4tech) on YouTube.","ar","","L1","INTERMEDIATE","0.6","yes","0","no","LANGUAGES","","","","","","no","","","","English · Business. الإنجليزية للعمل بشرح عربي: البريد والاجتماعات والصياغة التي يقدّرها العميل. مقدَّم من murad abu atwan (murad4tech) على يوتيوب.","English · Business. Arapça anlatımla iş İngilizcesi: e-posta, toplantılar ve alıcıya ağırlık taşıyan ifade. murad abu atwan (murad4tech) tarafından YouTube'da sunulmaktadır."
"LNG-uDZnJtfd68s","مهارات التواصل وكتابة الإيميل | البريد الإلكتروني | Communication skills & Email writing","https://www.youtube.com/watch?v=uDZnJtfd68s","Focusera For Quality Management System","YouTube","English · Business. Business English in Arabic: email, meetings and the phrasing that carries weight with a buyer. Presented by Focusera For Quality Management System on YouTube.","ar","","L1","INTERMEDIATE","1.4","yes","0","no","LANGUAGES","","","","","","no","","","","English · Business. الإنجليزية للعمل بشرح عربي: البريد والاجتماعات والصياغة التي يقدّرها العميل. مقدَّم من Focusera For Quality Management System على يوتيوب.","English · Business. Arapça anlatımla iş İngilizcesi: e-posta, toplantılar ve alıcıya ağırlık taşıyan ifade. Focusera For Quality Management System tarafından YouTube'da sunulmaktadır."
"LNG-uexZcnp5jAo","دورة تدريب مدربي مديريات التربية والتعليم  / شرح المقدمة والاوتلوك","https://www.youtube.com/watch?v=uexZcnp5jAo","المهندس رامي حنني","YouTube","English · Business. Business English in Arabic: email, meetings and the phrasing that carries weight with a buyer. Presented by المهندس رامي حنني on YouTube.","ar","","L1","INTERMEDIATE","0.8","yes","0","no","LANGUAGES","","","","","","no","","","","English · Business. الإنجليزية للعمل بشرح عربي: البريد والاجتماعات والصياغة التي يقدّرها العميل. مقدَّم من المهندس رامي حنني على يوتيوب.","English · Business. Arapça anlatımla iş İngilizcesi: e-posta, toplantılar ve alıcıya ağırlık taşıyan ifade. المهندس رامي حنني tarafından YouTube'da sunulmaktadır."
"LNG-610XA1tGW-I","شرح مايكروسوفت اوتلوك 2010  والانترنت بالتفصيل من الألف إلى الياء في فيديو واحد","https://www.youtube.com/watch?v=610XA1tGW-I","محمد فوزي للعلوم والتكنولوجيا - mohamedfawzy4st","YouTube","English · Business. Business English in Arabic: email, meetings and the phrasing that carries weight with a buyer. Presented by محمد فوزي للعلوم والتكنولوجيا - mohamedfawzy4st on YouTube.","ar","","L1","INTERMEDIATE","2.2","yes","0","no","LANGUAGES","","","","","","no","","","","English · Business. الإنجليزية للعمل بشرح عربي: البريد والاجتماعات والصياغة التي يقدّرها العميل. مقدَّم من محمد فوزي للعلوم والتكنولوجيا - mohamedfawzy4st على يوتيوب.","English · Business. Arapça anlatımla iş İngilizcesi: e-posta, toplantılar ve alıcıya ağırlık taşıyan ifade. محمد فوزي للعلوم والتكنولوجيا - mohamedfawzy4st tarafından YouTube'da sunulmaktadır."
"LNG-mAy0h-PxeXk","استخدام Skype فى التعلم الافتراضي","https://www.youtube.com/watch?v=mAy0h-PxeXk","Mahmoud Abdelaal","YouTube","English · Business. Business English in Arabic: email, meetings and the phrasing that carries weight with a buyer. Presented by Mahmoud Abdelaal on YouTube.","ar","","L1","INTERMEDIATE","1.7","yes","0","no","LANGUAGES","","","","","","no","","","","English · Business. الإنجليزية للعمل بشرح عربي: البريد والاجتماعات والصياغة التي يقدّرها العميل. مقدَّم من Mahmoud Abdelaal على يوتيوب.","English · Business. Arapça anlatımla iş İngilizcesi: e-posta, toplantılar ve alıcıya ağırlık taşıyan ifade. Mahmoud Abdelaal tarafından YouTube'da sunulmaktadır."
"LNG-Z2BRsFc1Hjs","اختبار للطلاب علي  برنامج (نماذج اوفيس365 ) Forms office 365   من الالف الي الياء خطوة بخطوةتابعونا","https://www.youtube.com/watch?v=Z2BRsFc1Hjs","دروس حجاج","YouTube","English · Business. Business English in Arabic: email, meetings and the phrasing that carries weight with a buyer. Presented by دروس حجاج on YouTube.","ar","","L1","INTERMEDIATE","0.8","yes","0","no","LANGUAGES","","","","","","no","","","","English · Business. الإنجليزية للعمل بشرح عربي: البريد والاجتماعات والصياغة التي يقدّرها العميل. مقدَّم من دروس حجاج على يوتيوب.","English · Business. Arapça anlatımla iş İngilizcesi: e-posta, toplantılar ve alıcıya ağırlık taşıyan ifade. دروس حجاج tarafından YouTube'da sunulmaktadır."
"LNG-F7b14hQbb-Q","قعدة حقيقية مع معلمي Preply: أسرار النجاح وازاي تضاعف طلابك وأرباحك على بريبلي؟","https://www.youtube.com/watch?v=F7b14hQbb-Q","Kashif Class ","YouTube","English · Business. Business English in Arabic: email, meetings and the phrasing that carries weight with a buyer. Presented by Kashif Class  on YouTube.","ar","","L1","INTERMEDIATE","1.1","yes","0","no","LANGUAGES","","","","","","no","","","","English · Business. الإنجليزية للعمل بشرح عربي: البريد والاجتماعات والصياغة التي يقدّرها العميل. مقدَّم من Kashif Class  على يوتيوب.","English · Business. Arapça anlatımla iş İngilizcesi: e-posta, toplantılar ve alıcıya ağırlık taşıyan ifade. Kashif Class  tarafından YouTube'da sunulmaktadır."
"LNG-r3rti3_TVYE","تساعدك لتعلم اللغة الإنجليزية  منطوقه بالبريطانية والأمريكية  E  كلمات انجليزيه تبدا بحرف","https://www.youtube.com/watch?v=r3rti3_TVYE","Easy Courses - تعلم الإنجليزية ","YouTube","English · Business. Business English in Arabic: email, meetings and the phrasing that carries weight with a buyer. Presented by Easy Courses - تعلم الإنجليزية  on YouTube.","ar","","L1","INTERMEDIATE","0.5","yes","0","no","LANGUAGES","","","","","","no","","","","English · Business. الإنجليزية للعمل بشرح عربي: البريد والاجتماعات والصياغة التي يقدّرها العميل. مقدَّم من Easy Courses - تعلم الإنجليزية  على يوتيوب.","English · Business. Arapça anlatımla iş İngilizcesi: e-posta, toplantılar ve alıcıya ağırlık taşıyan ifade. Easy Courses - تعلم الإنجليزية  tarafından YouTube'da sunulmaktadır."
"LNG-YjJEiWZw3_w","7 Must- Know Business English Lessons (Emails, Presentations & More)","https://www.youtube.com/watch?v=YjJEiWZw3_w","Derek Callan - English for Professionals","YouTube","English · Business. Business English taught in Turkish: correspondence, meetings and negotiation language. Presented by Derek Callan - English for Professionals on YouTube.","tr","","L1","INTERMEDIATE","0.8","yes","0","no","LANGUAGES","","","","","","no","","","","English · Business. الإنجليزية للعمل بشرح تركي: المراسلات والاجتماعات ولغة التفاوض. مقدَّم من Derek Callan - English for Professionals على يوتيوب.","English · Business. Türkçe anlatımla iş İngilizcesi: yazışma, toplantı ve müzakere dili. Derek Callan - English for Professionals tarafından YouTube'da sunulmaktadır."
"LNG-iIUhXGUU-uk","Akıcı İş İngilizcesi 3 (The Business of English)","https://www.youtube.com/watch?v=iIUhXGUU-uk","Frank Dersim","YouTube","English · Business. Business English taught in Turkish: correspondence, meetings and negotiation language. Presented by Frank Dersim on YouTube.","tr","","L1","INTERMEDIATE","0.4","yes","0","no","LANGUAGES","","","","","","no","","","","English · Business. الإنجليزية للعمل بشرح تركي: المراسلات والاجتماعات ولغة التفاوض. مقدَّم من Frank Dersim على يوتيوب.","English · Business. Türkçe anlatımla iş İngilizcesi: yazışma, toplantı ve müzakere dili. Frank Dersim tarafından YouTube'da sunulmaktadır."
"LNG-cRpaL6uLVjY","English at Work 2: Meeting Phrases | Conversation Listening","https://www.youtube.com/watch?v=cRpaL6uLVjY","Business English Channel","YouTube","English · Business. Business English taught in Turkish: correspondence, meetings and negotiation language. Presented by Business English Channel on YouTube.","tr","","L1","INTERMEDIATE","3","yes","0","no","LANGUAGES","","","","","","no","","","","English · Business. الإنجليزية للعمل بشرح تركي: المراسلات والاجتماعات ولغة التفاوض. مقدَّم من Business English Channel على يوتيوب.","English · Business. Türkçe anlatımla iş İngilizcesi: yazışma, toplantı ve müzakere dili. Business English Channel tarafından YouTube'da sunulmaktadır."
"LNG-iZKJKmyU8VM","Business English Simplified | Meetings, Emails & Networking","https://www.youtube.com/watch?v=iZKJKmyU8VM","Daily English Practice Channel ","YouTube","English · Business. Business English taught in Turkish: correspondence, meetings and negotiation language. Presented by Daily English Practice Channel  on YouTube.","tr","","L1","INTERMEDIATE","0.4","yes","0","no","LANGUAGES","","","","","","no","","","","English · Business. الإنجليزية للعمل بشرح تركي: المراسلات والاجتماعات ولغة التفاوض. مقدَّم من Daily English Practice Channel  على يوتيوب.","English · Business. Türkçe anlatımla iş İngilizcesi: yazışma, toplantı ve müzakere dili. Daily English Practice Channel  tarafından YouTube'da sunulmaktadır."
"LNG-KmQtY2yMthA","Daylight İş İngilizcesi Bölüm 05","https://www.youtube.com/watch?v=KmQtY2yMthA","Daylight English Institute ( Evren Okuşluğ)","YouTube","English · Business. Business English taught in Turkish: correspondence, meetings and negotiation language. Presented by Daylight English Institute ( Evren Okuşluğ) on YouTube.","tr","","L1","INTERMEDIATE","0.5","yes","0","no","LANGUAGES","","","","","","no","","","","English · Business. الإنجليزية للعمل بشرح تركي: المراسلات والاجتماعات ولغة التفاوض. مقدَّم من Daylight English Institute ( Evren Okuşluğ) على يوتيوب.","English · Business. Türkçe anlatımla iş İngilizcesi: yazışma, toplantı ve müzakere dili. Daylight English Institute ( Evren Okuşluğ) tarafından YouTube'da sunulmaktadır."
"LNG-0y8ofX0mdx4","Unlock Fluent Business English: Speak Like a Pro in 2025","https://www.youtube.com/watch?v=0y8ofX0mdx4","Koenig Solutions","YouTube","English · Business. Business English taught in Turkish: correspondence, meetings and negotiation language. Presented by Koenig Solutions on YouTube.","tr","","L1","INTERMEDIATE","0.9","yes","0","no","LANGUAGES","","","","","","no","","","","English · Business. الإنجليزية للعمل بشرح تركي: المراسلات والاجتماعات ولغة التفاوض. مقدَّم من Koenig Solutions على يوتيوب.","English · Business. Türkçe anlatımla iş İngilizcesi: yazışma, toplantı ve müzakere dili. Koenig Solutions tarafından YouTube'da sunulmaktadır."
"LNG-M3rfUItibVg","B1 - Seviye İngilizce Cümle Kurma Dersleri - 12 | Konu Anlatımlı , Animasyonlu , Bol örnekli","https://www.youtube.com/watch?v=M3rfUItibVg","Senin İçin Kolay İngilizce","YouTube","English · Business. Business English taught in Turkish: correspondence, meetings and negotiation language. Presented by Senin İçin Kolay İngilizce on YouTube.","tr","","L1","INTERMEDIATE","0.6","yes","0","no","LANGUAGES","","","","","","no","","","","English · Business. الإنجليزية للعمل بشرح تركي: المراسلات والاجتماعات ولغة التفاوض. مقدَّم من Senin İçin Kolay İngilizce على يوتيوب.","English · Business. Türkçe anlatımla iş İngilizcesi: yazışma, toplantı ve müzakere dili. Senin İçin Kolay İngilizce tarafından YouTube'da sunulmaktadır."
"LNG-kWXX-adhvTQ","English Listening Practice - REAL Native Conversation! (B2 - C1)","https://www.youtube.com/watch?v=kWXX-adhvTQ","British Education","YouTube","English · Business. Business English taught in Turkish: correspondence, meetings and negotiation language. Presented by British Education on YouTube.","tr","","L1","INTERMEDIATE","0.6","yes","0","no","LANGUAGES","","","","","","no","","","","English · Business. الإنجليزية للعمل بشرح تركي: المراسلات والاجتماعات ولغة التفاوض. مقدَّم من British Education على يوتيوب.","English · Business. Türkçe anlatımla iş İngilizcesi: yazışma, toplantı ve müzakere dili. British Education tarafından YouTube'da sunulmaktadır."
"LNG-7B9zm9N9Q2A","Professional Business Email Phrases 100 | Business English Learning","https://www.youtube.com/watch?v=7B9zm9N9Q2A","Business English Learning","YouTube","English · Business. Business English: writing that gets read, and meeting language that keeps a room moving. Presented by Business English Learning on YouTube.","en","","L1","INTERMEDIATE","0.4","yes","0","no","LANGUAGES","","","","","","no","","","","English · Business. إنجليزية الأعمال: كتابة تُقرأ فعلًا، ولغة اجتماعات تُبقي النقاش يتقدّم. مقدَّم من Business English Learning على يوتيوب.","English · Business. İş İngilizcesi: okunan yazı ve toplantıyı ilerleten dil. Business English Learning tarafından YouTube'da sunulmaktadır."
"LNG-m5d58p1MOVs","Professional Emails in English: What to Write + FREE Workbook","https://www.youtube.com/watch?v=m5d58p1MOVs","Duarte Business English","YouTube","English · Business. Business English: writing that gets read, and meeting language that keeps a room moving. Presented by Duarte Business English on YouTube.","en","","L1","INTERMEDIATE","1.2","yes","0","no","LANGUAGES","","","","","","no","","","","English · Business. إنجليزية الأعمال: كتابة تُقرأ فعلًا، ولغة اجتماعات تُبقي النقاش يتقدّم. مقدَّم من Duarte Business English على يوتيوب.","English · Business. İş İngilizcesi: okunan yazı ve toplantıyı ilerleten dil. Duarte Business English tarafından YouTube'da sunulmaktadır."
"LNG-T2hOSdvaiRk","20 Important Business English Phrases","https://www.youtube.com/watch?v=T2hOSdvaiRk","Speak English With Vanessa","YouTube","English · Business. Business English: writing that gets read, and meeting language that keeps a room moving. Presented by Speak English With Vanessa on YouTube.","en","","L1","INTERMEDIATE","0.3","yes","0","no","LANGUAGES","","","","","","no","","","","English · Business. إنجليزية الأعمال: كتابة تُقرأ فعلًا، ولغة اجتماعات تُبقي النقاش يتقدّم. مقدَّم من Speak English With Vanessa على يوتيوب.","English · Business. İş İngilizcesi: okunan yazı ve toplantıyı ilerleten dil. Speak English With Vanessa tarafından YouTube'da sunulmaktadır."
"LNG-XcdwEFINv6I","Examples of Business Email Writing in English - Writing Skills Practice","https://www.youtube.com/watch?v=XcdwEFINv6I","Kendra's Language School","YouTube","English · Business. Business English: writing that gets read, and meeting language that keeps a room moving. Presented by Kendra's Language School on YouTube.","en","","L1","INTERMEDIATE","0.9","yes","0","no","LANGUAGES","","","","","","no","","","","English · Business. إنجليزية الأعمال: كتابة تُقرأ فعلًا، ولغة اجتماعات تُبقي النقاش يتقدّم. مقدَّم من Kendra's Language School على يوتيوب.","English · Business. İş İngilizcesi: okunan yazı ve toplantıyı ilerleten dil. Kendra's Language School tarafından YouTube'da sunulmaktadır."
"LNG-thu1b8kw_AA","Essential 500 Email Phrases For Business English Conversations | Business English Learning","https://www.youtube.com/watch?v=thu1b8kw_AA","English express99","YouTube","English · Business. Business English: writing that gets read, and meeting language that keeps a room moving. Presented by English express99 on YouTube.","en","","L1","INTERMEDIATE","1","yes","0","no","LANGUAGES","","","","","","no","","","","English · Business. إنجليزية الأعمال: كتابة تُقرأ فعلًا، ولغة اجتماعات تُبقي النقاش يتقدّم. مقدَّم من English express99 على يوتيوب.","English · Business. İş İngilizcesi: okunan yazı ve toplantıyı ilerleten dil. English express99 tarafından YouTube'da sunulmaktadır."
"LNG-xu7hp9O54bk","Conversation Practice to Improve Your Business English — 35 Common Situations","https://www.youtube.com/watch?v=xu7hp9O54bk","Practice Makes Fluent - Lifelong Learning","YouTube","English · Business. Business English: writing that gets read, and meeting language that keeps a room moving. Presented by Practice Makes Fluent - Lifelong Learning on YouTube.","en","","L1","INTERMEDIATE","0.6","yes","0","no","LANGUAGES","","","","","","no","","","","English · Business. إنجليزية الأعمال: كتابة تُقرأ فعلًا، ولغة اجتماعات تُبقي النقاش يتقدّم. مقدَّم من Practice Makes Fluent - Lifelong Learning على يوتيوب.","English · Business. İş İngilizcesi: okunan yazı ve toplantıyı ilerleten dil. Practice Makes Fluent - Lifelong Learning tarafından YouTube'da sunulmaktadır."
"LNG-3hFiARJA15w","Business Email Tips: How to Write English Business Emails","https://www.youtube.com/watch?v=3hFiARJA15w","Business English with Grant","YouTube","English · Business. Business English: writing that gets read, and meeting language that keeps a room moving. Presented by Business English with Grant on YouTube.","en","","L1","INTERMEDIATE","0.4","yes","0","no","LANGUAGES","","","","","","no","","","","English · Business. إنجليزية الأعمال: كتابة تُقرأ فعلًا، ولغة اجتماعات تُبقي النقاش يتقدّم. مقدَّم من Business English with Grant على يوتيوب.","English · Business. İş İngilizcesi: okunan yazı ve toplantıyı ilerleten dil. Business English with Grant tarafından YouTube'da sunulmaktadır."
"LNG-aq9CTnrPtRQ","Essential 500 Email Phrases For Business English Conversations ｜ Business English Learning","https://www.youtube.com/watch?v=aq9CTnrPtRQ","Reflections on English","YouTube","English · Business. Business English: writing that gets read, and meeting language that keeps a room moving. Presented by Reflections on English on YouTube.","en","","L1","INTERMEDIATE","1","yes","0","no","LANGUAGES","","","","","","no","","","","English · Business. إنجليزية الأعمال: كتابة تُقرأ فعلًا، ولغة اجتماعات تُبقي النقاش يتقدّم. مقدَّم من Reflections on English على يوتيوب.","English · Business. İş İngilizcesi: okunan yazı ve toplantıyı ilerleten dil. Reflections on English tarafından YouTube'da sunulmaktadır."
"LNG-h1Eg7hnl60o","FREE Business English Masterclass | Write Professional Emails & Reports (90 Min)","https://www.youtube.com/watch?v=h1Eg7hnl60o","Duarte Business English","YouTube","English · Business. Business English: writing that gets read, and meeting language that keeps a room moving. Presented by Duarte Business English on YouTube.","en","","L1","INTERMEDIATE","1.5","yes","0","no","LANGUAGES","","","","","","no","","","","English · Business. إنجليزية الأعمال: كتابة تُقرأ فعلًا، ولغة اجتماعات تُبقي النقاش يتقدّم. مقدَّم من Duarte Business English على يوتيوب.","English · Business. İş İngilizcesi: okunan yazı ve toplantıyı ilerleten dil. Duarte Business English tarafından YouTube'da sunulmaktadır."
"LNG-fm6PtyM4qMw","30 Minutes with 30 Dialogues to Improve English at Workplace | Business English Conversation","https://www.youtube.com/watch?v=fm6PtyM4qMw","Learn English with Jessica","YouTube","English · Business. Business English: writing that gets read, and meeting language that keeps a room moving. Presented by Learn English with Jessica on YouTube.","en","","L1","INTERMEDIATE","0.5","yes","0","no","LANGUAGES","","","","","","no","","","","English · Business. إنجليزية الأعمال: كتابة تُقرأ فعلًا، ولغة اجتماعات تُبقي النقاش يتقدّم. مقدَّم من Learn English with Jessica على يوتيوب.","English · Business. İş İngilizcesi: okunan yazı ve toplantıyı ilerleten dil. Learn English with Jessica tarafından YouTube'da sunulmaktadır."