"Code","Title","URL","Provider","Platform","Description","Language","Subtitles","Level","Difficulty","Hours","Free","Price","Certificate","Category","Competencies","Departments","Job Families","Goals","Prerequisites","Technical","Rating","Title AR","Title TR","Description AR","Description TR","Status","Content Type","Source","Attribution"
"IBM-PLAN-BE0E24A0BA5C","Fundamentals of Sustainability and Technology","https://skills.yourlearning.ibm.com/activity/PLAN-BE0E24A0BA5C","IBM SkillsBuild","IBM SkillsBuild","An introductory learning plan for staff who want to understand sustainability and ESG, and how data analytics, AI and cloud technology help organisations measure and address environmental issues. IBM lists it as 3 to 10 hours.","en","","","INTERMEDIATE","3","yes","","yes","OPERATIONS","","","PRODUCTION;MANAGEMENT;GENERAL","","","no","","أساسيات الاستدامة والتكنولوجيا","","خطة تعلم تمهيدية للموظفين الراغبين في فهم الاستدامة ومعايير البيئة والمجتمع والحوكمة (ESG)، وكيف تساعد تحليلات البيانات والذكاء الاصطناعي والحوسبة السحابية المؤسسات على قياس القضايا البيئية ومعالجتها. تذكر IBM أن مدتها من 3 إلى 10 ساعات.","Sürdürülebilirliği ve ESG'yi anlamak isteyen çalışanlar için giriş niteliğinde bir öğrenme planı; veri analitiği, yapay zekâ ve bulut teknolojisinin kuruluşların çevresel sorunları ölçmesine ve ele almasına nasıl yardımcı olduğunu ele alır. IBM süresini 3 ile 10 saat arası olarak belirtiyor.","PENDING_REVIEW","PATH","IBM_SKILLSBUILD",""
"IBM-PLAN-BC751C6192EB","Data Analytics for Sustainability","https://skills.yourlearning.ibm.com/activity/PLAN-BC751C6192EB","IBM SkillsBuild","IBM SkillsBuild","An advanced learning plan for people who want to analyse sustainability and ESG data, including basic Python for reading, analysing and charting data, and preparing a proposal for a sustainability solution. IBM lists it as 10 to 40 hours.","en","","","ADVANCED","10","yes","","yes","DATA","","","MANAGEMENT;GENERAL","","","yes","","","","خطة تعلم متقدمة لمن يرغب في تحليل بيانات الاستدامة ومعايير ESG، وتشمل أساسيات لغة بايثون لقراءة البيانات وتحليلها وتمثيلها بيانيًا، وإعداد مقترح لحل مشكلة تتعلق بالاستدامة. تذكر IBM أن مدتها من 10 إلى 40 ساعة.","Sürdürülebilirlik ve ESG verilerini analiz etmek isteyenler için ileri düzey bir öğrenme planı; verileri okumak, analiz etmek ve grafiklerle göstermek için temel Python kullanımını ve bir sürdürülebilirlik çözümü önerisi hazırlamayı kapsar. IBM süresini 10 ile 40 saat arası olarak belirtiyor.","PENDING_REVIEW","PATH","IBM_SKILLSBUILD",""
"IBM-PLAN-8AF5B141EC32","Lifelong Professional Skills","https://skills.yourlearning.ibm.com/activity/PLAN-8AF5B141EC32","IBM SkillsBuild","IBM SkillsBuild","A beginner learning plan for any employee that builds core workplace skills: presenting, teamwork and collaboration, interpersonal communication, agile ways of working, and structured problem solving. IBM lists it as 3 to 10 hours.","en","","","BEGINNER","3","yes","","yes","COMMUNICATION","","","GENERAL;MANAGEMENT","","","no","","","","خطة تعلم للمبتدئين تناسب جميع الموظفين، تبني المهارات الأساسية في بيئة العمل: العرض والتقديم، والعمل الجماعي والتعاون، والتواصل بين الأفراد، وأساليب العمل المرنة (أجايل)، وحل المشكلات بطريقة منهجية. تذكر IBM أن مدتها من 3 إلى 10 ساعات.","Her çalışana uygun, temel iş yeri becerilerini geliştiren başlangıç düzeyi bir öğrenme planı: sunum yapma, ekip çalışması ve iş birliği, kişiler arası iletişim, çevik çalışma yöntemleri ve yapılandırılmış problem çözme. IBM süresini 3 ile 10 saat arası olarak belirtiyor.","PENDING_REVIEW","PATH","IBM_SKILLSBUILD",""
"IBM-PLAN-319A1E02AD80","Digital Literacy","https://skills.yourlearning.ibm.com/activity/PLAN-319A1E02AD80","IBM SkillsBuild","IBM SkillsBuild","A beginner learning plan for staff who are new to computers and online tools, covering basic computer use, navigating the internet, digital communication, online safety, and simple data gathering and presentation. IBM lists it as 3 to 10 hours.","en","","","BEGINNER","3","yes","","yes","PRODUCTIVITY","","","GENERAL","","","no","","المعرفة الرقمية","","خطة تعلم للمبتدئين موجهة للموظفين الجدد على استخدام الحاسوب والأدوات الرقمية، تغطي أساسيات استخدام الحاسوب وتصفح الإنترنت والتواصل الرقمي والأمان على الإنترنت وجمع البيانات البسيطة وعرضها. تذكر IBM أن مدتها من 3 إلى 10 ساعات.","Bilgisayar ve çevrim içi araçlara yeni başlayan çalışanlar için başlangıç düzeyi bir öğrenme planı; temel bilgisayar kullanımı, internette gezinme, dijital iletişim, çevrim içi güvenlik ve basit veri toplama ile sunumu kapsar. IBM süresini 3 ile 10 saat arası olarak belirtiyor.","PENDING_REVIEW","PATH","IBM_SKILLSBUILD",""
"IBM-PLAN-37BFD561DC25","Make Agentic AI Work for You","https://skills.yourlearning.ibm.com/activity/PLAN-37BFD561DC25","IBM SkillsBuild","IBM SkillsBuild","A beginner learning plan for business users that explains AI agents, retrieval-augmented generation (RAG) and multi-agent systems through practical workplace scenarios such as HR assistants and procurement automation. IBM lists it as 3 to 10 hours.","en","","","BEGINNER","3","yes","","yes","GENERATIVE_AI","","","GENERAL;HR;SUPPLY_CHAIN;MANAGEMENT","","","no","","اجعل الذكاء الاصطناعي الوكيل يعمل لصالحك","","خطة تعلم للمبتدئين موجهة لمستخدمي الأعمال، تشرح وكلاء الذكاء الاصطناعي وتقنية التوليد المعزز بالاسترجاع (RAG) والأنظمة متعددة الوكلاء من خلال سيناريوهات عملية مثل مساعدي الموارد البشرية وأتمتة المشتريات. تذكر IBM أن مدتها من 3 إلى 10 ساعات.","İş kullanıcıları için yapay zekâ ajanlarını, erişimle artırılmış üretimi (RAG) ve çok ajanlı sistemleri İK asistanları ve satın alma otomasyonu gibi pratik iş senaryolarıyla açıklayan başlangıç düzeyi bir öğrenme planı. IBM süresini 3 ile 10 saat arası olarak belirtiyor.","PENDING_REVIEW","PATH","IBM_SKILLSBUILD",""
"IBM-PLAN-E21D0E964638","AI for Sustainability","https://skills.yourlearning.ibm.com/activity/PLAN-E21D0E964638","IBM SkillsBuild","IBM SkillsBuild","An advanced learning plan on how machine learning and predictive analytics can support social, economic and environmental sustainability goals, using case studies and a step-by-step process for scoping and implementing an AI solution. IBM lists it as 10 to 40 hours.","en","","","ADVANCED","10","yes","","yes","OPERATIONS","","","MANAGEMENT;GENERAL","","","no","","","","خطة تعلم متقدمة حول كيفية دعم التعلم الآلي والتحليلات التنبؤية لأهداف الاستدامة الاجتماعية والاقتصادية والبيئية، من خلال دراسات حالة وعملية تدريجية لتحديد حل قائم على الذكاء الاصطناعي وتنفيذه. تذكر IBM أن مدتها من 10 إلى 40 ساعة.","Makine öğrenimi ve tahmine dayalı analitiğin sosyal, ekonomik ve çevresel sürdürülebilirlik hedeflerini nasıl destekleyebileceğine dair ileri düzey bir öğrenme planı; vaka çalışmaları ve bir yapay zekâ çözümünü adım adım tanımlayıp uygulama sürecini içerir. IBM süresini 10 ile 40 saat arası olarak belirtiyor.","PENDING_REVIEW","PATH","IBM_SKILLSBUILD",""
"IBM-PLAN-BAEFCCAAD520","Getting Started with Generative AI","https://skills.yourlearning.ibm.com/activity/PLAN-BAEFCCAAD520","IBM SkillsBuild","IBM SkillsBuild","A beginner learning plan for anyone starting with generative AI, explaining how tools create text and images, how to refine prompts, and ethical risks such as fairness, transparency and accountability. IBM lists it as 3 to 10 hours.","en","","","BEGINNER","3","yes","","yes","GENERATIVE_AI","","","GENERAL","","","no","","بدء استخدام الذكاء الاصطناعي التوليدي","","خطة تعلم للمبتدئين لكل من يبدأ مع الذكاء الاصطناعي التوليدي، تشرح كيف تنتج الأدوات النصوص والصور، وكيفية تحسين الأوامر (المطالبات)، والمخاطر الأخلاقية مثل العدالة والشفافية والمساءلة. تذكر IBM أن مدتها من 3 إلى 10 ساعات.","Üretken yapay zekâya yeni başlayan herkes için başlangıç düzeyi bir öğrenme planı; araçların metin ve görselleri nasıl ürettiğini, istemlerin nasıl iyileştirileceğini ve adalet, şeffaflık ve hesap verebilirlik gibi etik riskleri açıklar. IBM süresini 3 ile 10 saat arası olarak belirtiyor.","PENDING_REVIEW","PATH","IBM_SKILLSBUILD",""
"IBM-PLAN-DA137C13FE80","Digital Mindset","https://skills.yourlearning.ibm.com/activity/PLAN-DA137C13FE80","IBM SkillsBuild","IBM SkillsBuild","A beginner learning plan that helps employees adapt to changing technology, covering growth mindset, adaptability, handling ambiguity and change, continuous learning, collaboration and creativity. IBM lists it as 3 to 10 hours.","en","","","BEGINNER","3","yes","","yes","PRODUCTIVITY","","","GENERAL","","","no","","العقلية الرقمية","","خطة تعلم للمبتدئين تساعد الموظفين على التكيف مع التقنيات المتغيرة، وتغطي عقلية النمو والمرونة والتعامل مع الغموض والتغيير والتعلم المستمر والتعاون والإبداع. تذكر IBM أن مدتها من 3 إلى 10 ساعات.","Çalışanların değişen teknolojiye uyum sağlamasına yardımcı olan başlangıç düzeyi bir öğrenme planı; gelişim zihniyeti, uyum yeteneği, belirsizlik ve değişimle başa çıkma, sürekli öğrenme, iş birliği ve yaratıcılığı kapsar. IBM süresini 3 ile 10 saat arası olarak belirtiyor.","PENDING_REVIEW","PATH","IBM_SKILLSBUILD",""
"IBM-PLAN-56705048DB3F","AI Fundamentals: Foundations for Understanding AI","https://skills.yourlearning.ibm.com/activity/PLAN-56705048DB3F","IBM SkillsBuild","IBM SkillsBuild","An intermediate learning plan introducing the core ideas behind AI, including machine learning, neural networks and deep learning, how machine and human learning differ, and where AI is applied in business. IBM lists it as 3 to 10 hours.","en","","","INTERMEDIATE","3","yes","","yes","FOUNDATIONS","","","GENERAL;IT","","","no","","أساسيات الذكاء الاصطناعي: أسس لفهم الذكاء الاصطناعي","","خطة تعلم بمستوى متوسط تقدم المفاهيم الأساسية للذكاء الاصطناعي، بما في ذلك التعلم الآلي والشبكات العصبية والتعلم العميق، والفرق بين تعلم الآلة وتعلم الإنسان، ومجالات تطبيق الذكاء الاصطناعي في الأعمال. تذكر IBM أن مدتها من 3 إلى 10 ساعات.","Makine öğrenimi, sinir ağları ve derin öğrenme dahil yapay zekânın temel fikirlerini, makine ve insan öğrenmesi arasındaki farkları ve yapay zekânın iş dünyasındaki uygulamalarını tanıtan orta düzey bir öğrenme planı. IBM süresini 3 ile 10 saat arası olarak belirtiyor.","PENDING_REVIEW","PATH","IBM_SKILLSBUILD",""
"IBM-PLAN-CBA4A98EB26A","Business Analyst Pathway","https://skills.yourlearning.ibm.com/activity/PLAN-CBA4A98EB26A","IBM SkillsBuild","IBM SkillsBuild","A long, advanced pathway for staff moving into analysis roles: framing business problems, planning an analysis, gathering and interpreting data in Excel and Tableau, and presenting data-driven recommendations, with capstone projects. IBM lists it as more than 40 hours.","en","","","ADVANCED","40","yes","","yes","DATA","","","FINANCE;SUPPLY_CHAIN;MANAGEMENT","","","no","","","","مسار متقدم وطويل للموظفين المنتقلين إلى أدوار التحليل: صياغة مشكلات العمل، وتخطيط التحليل، وجمع البيانات وتفسيرها باستخدام Excel وTableau، وعرض توصيات قائمة على البيانات، مع مشاريع تطبيقية ختامية. تذكر IBM أن مدتها أكثر من 40 ساعة.","Analiz rollerine geçen çalışanlar için uzun ve ileri düzey bir yol: iş problemlerini tanımlama, analiz planlama, Excel ve Tableau ile veri toplama ve yorumlama ve veriye dayalı önerileri sunma; bitirme projeleri içerir. IBM süresini 40 saatten fazla olarak belirtiyor.","PENDING_REVIEW","PATH","IBM_SKILLSBUILD",""
"IBM-PLAN-4FB8400F05FC","Cybersecurity Fundamentals","https://skills.yourlearning.ibm.com/activity/PLAN-4FB8400F05FC","IBM SkillsBuild","IBM SkillsBuild","An intermediate introduction to cybersecurity for non-specialists, covering attacker tactics and social engineering, how organisations prevent and respond to attacks, and how AI is changing security. IBM lists it as 3 to 10 hours.","en","","","INTERMEDIATE","3","yes","","yes","SAFETY_COMPLIANCE","","","GENERAL;IT","","","no","","أساسيات الأمن السيبراني","","مقدمة بمستوى متوسط إلى الأمن السيبراني لغير المتخصصين، تغطي أساليب المهاجمين والهندسة الاجتماعية، وكيف تمنع المؤسسات الهجمات وتستجيب لها، وكيف يغيّر الذكاء الاصطناعي مجال الأمن. تذكر IBM أن مدتها من 3 إلى 10 ساعات.","Uzman olmayanlar için orta düzeyde bir siber güvenlik girişi; saldırgan taktikleri ve sosyal mühendislik, kuruluşların saldırıları nasıl önlediği ve bunlara nasıl yanıt verdiği ve yapay zekânın güvenliği nasıl değiştirdiğini kapsar. IBM süresini 3 ile 10 saat arası olarak belirtiyor.","PENDING_REVIEW","PATH","IBM_SKILLSBUILD",""
"IBM-PLAN-B5FC126AEBFB","Explore Emerging Tech","https://skills.yourlearning.ibm.com/activity/PLAN-B5FC126AEBFB","IBM SkillsBuild","IBM SkillsBuild","A beginner learning plan giving a short overview of five technologies shaping business (data, AI, cloud computing, cybersecurity and quantum computing) and what each one does. IBM lists it as 3 to 10 hours.","en","","","BEGINNER","3","yes","","yes","FOUNDATIONS","","","GENERAL","","","no","","استكشاف التقنيات الناشئة","Yeni Teknolojileri Keşfetme","خطة تعلم للمبتدئين تقدم لمحة موجزة عن خمس تقنيات تؤثر في الأعمال (البيانات والذكاء الاصطناعي والحوسبة السحابية والأمن السيبراني والحوسبة الكمية) ووظيفة كل منها. تذكر IBM أن مدتها من 3 إلى 10 ساعات.","İş dünyasını şekillendiren beş teknolojiye (veri, yapay zekâ, bulut bilişim, siber güvenlik ve kuantum bilişim) ve her birinin ne işe yaradığına kısa bir bakış sunan başlangıç düzeyi bir öğrenme planı. IBM süresini 3 ile 10 saat arası olarak belirtiyor.","PENDING_REVIEW","PATH","IBM_SKILLSBUILD",""
"IBM-PLAN-B426DAF97AD8","AI Fluency Pathway","https://skills.yourlearning.ibm.com/activity/PLAN-B426DAF97AD8","IBM SkillsBuild","IBM SkillsBuild","A long, advanced pathway for business users who need to judge when and how to use AI at work, covering core AI concepts, responsible use and risk, prompt refinement, AI tool selection and governance, with applied projects. IBM lists it as more than 40 hours.","en","","","ADVANCED","40","yes","","yes","FOUNDATIONS","","","MANAGEMENT;GENERAL","","","no","","","","مسار متقدم وطويل لمستخدمي الأعمال الذين يحتاجون إلى تقدير متى وكيف يستخدمون الذكاء الاصطناعي في العمل، ويغطي المفاهيم الأساسية والاستخدام المسؤول وإدارة المخاطر وتحسين الأوامر واختيار الأدوات والحوكمة، مع مشاريع تطبيقية. تذكر IBM أن مدتها أكثر من 40 ساعة.","Yapay zekânın işte ne zaman ve nasıl kullanılacağına karar vermesi gereken iş kullanıcıları için uzun ve ileri düzey bir yol; temel kavramlar, sorumlu kullanım ve risk, istem iyileştirme, araç seçimi ve yönetişim konularını uygulamalı projelerle kapsar. IBM süresini 40 saatten fazla olarak belirtiyor.","PENDING_REVIEW","PATH","IBM_SKILLSBUILD",""
"IBM-PLAN-BC0FAEE8E439","Data Fundamentals","https://skills.yourlearning.ibm.com/activity/PLAN-BC0FAEE8E439","IBM SkillsBuild","IBM SkillsBuild","An intermediate learning plan introducing data concepts and the data analysis process, with hands-on practice cleaning, refining and visualising data in IBM Watson Studio. IBM lists it as 3 to 10 hours.","en","","","INTERMEDIATE","3","yes","","yes","DATA","","","GENERAL","","","no","","أساسيات البيانات","Veri Temelleri","خطة تعلم بمستوى متوسط تقدم مفاهيم البيانات وعملية تحليلها، مع تدريب عملي على تنظيف البيانات وتنقيحها وتمثيلها بصريًا باستخدام IBM Watson Studio. تذكر IBM أن مدتها من 3 إلى 10 ساعات.","Veri kavramlarını ve veri analizi sürecini tanıtan, IBM Watson Studio'da verileri temizleme, iyileştirme ve görselleştirme üzerine uygulamalı çalışmalar içeren orta düzey bir öğrenme planı. IBM süresini 3 ile 10 saat arası olarak belirtiyor.","PENDING_REVIEW","PATH","IBM_SKILLSBUILD",""
"IBM-PLAN-697F59787A00","Customer Engagement Fundamentals","https://skills.yourlearning.ibm.com/activity/PLAN-697F59787A00","IBM SkillsBuild","IBM SkillsBuild","An intermediate learning plan for customer-facing staff covering customer-focused communication, a service mindset, systematic problem solving, and productive habits for meeting service standards. IBM lists it as 10 to 40 hours.","en","","","INTERMEDIATE","10","yes","","yes","COMMUNICATION","","","SALES_MARKETING;GENERAL","","","no","","أساسيات التفاعل مع العملاء","","خطة تعلم بمستوى متوسط للموظفين المتعاملين مع العملاء، تغطي التواصل المرتكز على العميل وعقلية الخدمة والحل المنهجي للمشكلات وعادات العمل المنتجة للالتزام بمعايير الخدمة. تذكر IBM أن مدتها من 10 إلى 40 ساعة.","Müşteriyle temas eden çalışanlar için orta düzey bir öğrenme planı; müşteri odaklı iletişim, hizmet anlayışı, sistematik problem çözme ve hizmet standartlarına uymak için verimli çalışma alışkanlıklarını kapsar. IBM süresini 10 ile 40 saat arası olarak belirtiyor.","PENDING_REVIEW","PATH","IBM_SKILLSBUILD",""
"IBM-PLAN-1C903152880C","AI Literacy","https://skills.yourlearning.ibm.com/activity/PLAN-1C903152880C","IBM SkillsBuild","IBM SkillsBuild","A short, jargon-free beginner introduction to how AI systems learn, where AI is used across industries, and how to work with an AI assistant on a simple business task. IBM lists it as 3 to 10 hours.","en","","","BEGINNER","3","yes","","yes","FOUNDATIONS","","","GENERAL","","","no","","التمكين من استخدام الذكاء الاصطناعي","","مقدمة قصيرة للمبتدئين خالية من المصطلحات المعقدة حول كيفية تعلم أنظمة الذكاء الاصطناعي، ومجالات استخدامها في مختلف الصناعات، وكيفية العمل مع مساعد ذكي لإنجاز مهمة عمل بسيطة. تذكر IBM أن مدتها من 3 إلى 10 ساعات.","Yapay zekâ sistemlerinin nasıl öğrendiğine, sektörlerde nerelerde kullanıldığına ve basit bir iş görevinde bir yapay zekâ asistanıyla nasıl çalışılacağına dair kısa ve teknik terimlerden arındırılmış bir başlangıç eğitimi. IBM süresini 3 ile 10 saat arası olarak belirtiyor.","PENDING_REVIEW","PATH","IBM_SKILLSBUILD",""
"IBM-PLAN-D0F12976D81A","Generative AI Essentials: Using LLMs to Work with Data","https://skills.yourlearning.ibm.com/activity/PLAN-D0F12976D81A","IBM SkillsBuild","IBM SkillsBuild","A beginner learning plan showing how large language models can summarise and classify text data, for example turning meetings into action summaries and sorting customer reviews by sentiment. IBM lists it as 3 to 10 hours.","en","","","BEGINNER","3","yes","","yes","GENERATIVE_AI","","","GENERAL;SALES_MARKETING","","","no","","أساسيات الذكاء الاصطناعي التوليدي: استخدام النماذج اللغوية الكبيرة للعمل مع البيانات","","خطة تعلم للمبتدئين توضح كيف يمكن للنماذج اللغوية الكبيرة تلخيص البيانات النصية وتصنيفها، مثل تحويل الاجتماعات إلى ملخصات بالإجراءات المطلوبة وفرز آراء العملاء حسب الانطباع. تذكر IBM أن مدتها من 3 إلى 10 ساعات.","Büyük dil modellerinin metin verilerini nasıl özetleyip sınıflandırabileceğini gösteren başlangıç düzeyi bir öğrenme planı; örneğin toplantıları eylem özetlerine dönüştürme ve müşteri yorumlarını duygu durumuna göre ayırma. IBM süresini 3 ile 10 saat arası olarak belirtiyor.","PENDING_REVIEW","PATH","IBM_SKILLSBUILD",""
"IBM-PLAN-FEE211806964","Craft Precise Prompts for AI Models","https://skills.yourlearning.ibm.com/activity/PLAN-FEE211806964","IBM SkillsBuild","IBM SkillsBuild","An intermediate hands-on module on writing prompts that get the required output from large language models, including reusable prompt templates with variables. IBM lists it as 3 to 10 hours.","en","","","INTERMEDIATE","3","yes","","yes","GENERATIVE_AI","","","GENERAL","","","no","","تصميم موجِّهات دقيقة لنماذج الذكاء الاصطناعي","","وحدة عملية بمستوى متوسط حول كتابة أوامر (مطالبات) تحصل على المخرجات المطلوبة من النماذج اللغوية الكبيرة، بما في ذلك قوالب أوامر قابلة لإعادة الاستخدام تحتوي على متغيرات. تذكر IBM أن مدتها من 3 إلى 10 ساعات.","Büyük dil modellerinden istenen çıktıyı alan istemler yazma üzerine, değişkenli ve yeniden kullanılabilir istem şablonlarını da içeren orta düzey uygulamalı bir modül. IBM süresini 3 ile 10 saat arası olarak belirtiyor.","PENDING_REVIEW","COURSE","IBM_SKILLSBUILD",""
"IBM-PLAN-E76CA96A8C45","Data Analytics Fluency Pathway","https://skills.yourlearning.ibm.com/activity/PLAN-E76CA96A8C45","IBM SkillsBuild","IBM SkillsBuild","A long, advanced pathway on the full analytics workflow: classifying and sourcing data, preparing and cleaning it, descriptive and inferential statistics, and visualising and presenting findings, with capstone projects. IBM lists it as more than 40 hours.","en","","","ADVANCED","40","yes","","yes","DATA","","","FINANCE;SUPPLY_CHAIN;QUALITY;MANAGEMENT","","","no","","مسار إتقان تحليلات البيانات","","مسار متقدم وطويل يغطي دورة التحليل الكاملة: تصنيف البيانات وتحديد مصادرها، وتجهيزها وتنظيفها، والإحصاء الوصفي والاستدلالي، وتمثيل النتائج بصريًا وعرضها، مع مشاريع تطبيقية ختامية. تذكر IBM أن مدتها أكثر من 40 ساعة.","Tüm analitik iş akışını kapsayan uzun ve ileri düzey bir yol: verileri sınıflandırma ve kaynaklarını belirleme, hazırlama ve temizleme, betimsel ve çıkarımsal istatistik ile bulguları görselleştirme ve sunma; bitirme projeleri içerir. IBM süresini 40 saatten fazla olarak belirtiyor.","PENDING_REVIEW","PATH","IBM_SKILLSBUILD",""
"IBM-PLAN-6B6FDF811C80","Data Literacy","https://skills.yourlearning.ibm.com/activity/PLAN-6B6FDF811C80","IBM SkillsBuild","IBM SkillsBuild","A short beginner learning plan on what data is, how it is collected and organised, how to read charts and dashboards, and how to judge data quality and ethical use when making decisions. IBM lists it as 1 to 3 hours.","en","","","BEGINNER","1","yes","","yes","DATA","","","GENERAL","","","no","","الإلمام بالبيانات","","خطة تعلم قصيرة للمبتدئين حول ماهية البيانات وكيفية جمعها وتنظيمها، وكيفية قراءة الرسوم البيانية ولوحات المعلومات، وتقييم جودة البيانات واستخدامها الأخلاقي عند اتخاذ القرارات. تذكر IBM أن مدتها من ساعة إلى 3 ساعات.","Verinin ne olduğu, nasıl toplanıp düzenlendiği, grafik ve gösterge panellerinin nasıl okunacağı ve karar verirken veri kalitesi ile etik kullanımın nasıl değerlendirileceği üzerine kısa, başlangıç düzeyi bir öğrenme planı. IBM süresini 1 ile 3 saat arası olarak belirtiyor.","PENDING_REVIEW","PATH","IBM_SKILLSBUILD",""
"IBM-PLAN-B2DE5C927EEC","Project Management Fundamentals","https://skills.yourlearning.ibm.com/activity/PLAN-B2DE5C927EEC","IBM SkillsBuild","IBM SkillsBuild","An intermediate learning plan for staff who run or support projects, covering project management frameworks, stakeholder roles, the phases of the project lifecycle and the key documents used in each. IBM lists it as 3 to 10 hours.","en","","","INTERMEDIATE","3","yes","","yes","LEADERSHIP","","","MANAGEMENT;GENERAL","","","no","","أساسيات إدارة المشاريع","","خطة تعلم بمستوى متوسط للموظفين الذين يديرون المشاريع أو يدعمونها، تغطي أطر إدارة المشاريع وأدوار أصحاب المصلحة ومراحل دورة حياة المشروع والمستندات الرئيسية المستخدمة في كل مرحلة. تذكر IBM أن مدتها من 3 إلى 10 ساعات.","Proje yöneten ya da projelere destek veren çalışanlar için orta düzey bir öğrenme planı; proje yönetimi çerçevelerini, paydaş rollerini, proje yaşam döngüsünün aşamalarını ve her aşamada kullanılan temel belgeleri kapsar. IBM süresini 3 ile 10 saat arası olarak belirtiyor.","PENDING_REVIEW","PATH","IBM_SKILLSBUILD",""
"IBM-PLAN-716FDF294AB3","Agile Explorer","https://skills.yourlearning.ibm.com/activity/PLAN-716FDF294AB3","IBM SkillsBuild","IBM SkillsBuild","A beginner learning plan introducing Agile values, principles and practices, and how teams can apply them to plan work, respond to change and continuously improve both operations and projects. IBM lists it as 3 to 10 hours.","en","","","BEGINNER","3","yes","","yes","PRODUCTIVITY","","","GENERAL;MANAGEMENT","","","no","","مستكشف أجايل","","خطة تعلم للمبتدئين تعرّف بقيم ومبادئ وممارسات منهجية أجايل، وكيف يمكن للفرق تطبيقها لتخطيط العمل والاستجابة للتغيير والتحسين المستمر في العمليات والمشاريع. تذكر IBM أن مدتها من 3 إلى 10 ساعات.","Çevik (Agile) değerleri, ilkeleri ve uygulamalarını ve ekiplerin bunları işi planlamak, değişime yanıt vermek ve hem operasyonlarda hem projelerde sürekli iyileştirme yapmak için nasıl kullanabileceğini tanıtan başlangıç düzeyi bir öğrenme planı. IBM süresini 3 ile 10 saat arası olarak belirtiyor.","PENDING_REVIEW","PATH","IBM_SKILLSBUILD",""
"IBM-PLAN-F81D8E06E192","Human-AI Collaborative Planning","https://skills.yourlearning.ibm.com/activity/PLAN-F81D8E06E192","IBM SkillsBuild","IBM SkillsBuild","An advanced learning plan on working with AI tools as partners: writing task-focused prompts, checking and refining AI outputs, choosing the right tool for a job, and a capstone planning project. IBM lists it as 10 to 40 hours.","en","","","ADVANCED","10","yes","","yes","GENERATIVE_AI","","","MANAGEMENT;GENERAL","","","no","","","","خطة تعلم متقدمة حول العمل مع أدوات الذكاء الاصطناعي كشركاء: كتابة أوامر مركزة على المهمة، ومراجعة مخرجات الذكاء الاصطناعي وتحسينها، واختيار الأداة المناسبة لكل عمل، مع مشروع تخطيط ختامي. تذكر IBM أن مدتها من 10 إلى 40 ساعة.","Yapay zekâ araçlarıyla ortak gibi çalışmaya yönelik ileri düzey bir öğrenme planı: göreve odaklı istemler yazma, yapay zekâ çıktılarını kontrol edip iyileştirme, iş için doğru aracı seçme ve bir bitirme planlama projesi. IBM süresini 10 ile 40 saat arası olarak belirtiyor.","PENDING_REVIEW","PATH","IBM_SKILLSBUILD",""
"IBM-PLAN-C7EE7CC95370","Getting Started with Cybersecurity","https://skills.yourlearning.ibm.com/activity/PLAN-C7EE7CC95370","IBM SkillsBuild","IBM SkillsBuild","A short beginner introduction to protecting organisational data, covering the main types of sensitive data, the CIA triad, common threats and malware, and basic device protection. IBM lists it as 1 to 3 hours.","en","","","BEGINNER","1","yes","","yes","SAFETY_COMPLIANCE","","","GENERAL;IT","","","no","","","","مقدمة قصيرة للمبتدئين حول حماية بيانات المؤسسة، تغطي أنواع البيانات الحساسة الرئيسية ونموذج السرية والسلامة والتوافر (CIA) والتهديدات الشائعة والبرمجيات الخبيثة والحماية الأساسية للأجهزة. تذكر IBM أن مدتها من ساعة إلى 3 ساعات.","Kurum verilerini korumaya yönelik kısa bir başlangıç eğitimi; başlıca hassas veri türlerini, CIA üçlüsünü (gizlilik, bütünlük, erişilebilirlik), yaygın tehditleri ve kötü amaçlı yazılımları ve temel cihaz korumasını kapsar. IBM süresini 1 ile 3 saat arası olarak belirtiyor.","PENDING_REVIEW","PATH","IBM_SKILLSBUILD",""
"IBM-ALM-COURSE_4058986","Adaptability and Flexibility","https://skills.yourlearning.ibm.com/activity/ALM-COURSE_4058986","IBM SkillsBuild","IBM SkillsBuild","A short beginner module on why adaptability matters when workplaces adopt new technology, with practical strategies for building resilience and overcoming common adoption challenges. IBM lists it as under an hour.","en","","","BEGINNER","0.5","yes","","no","PRODUCTIVITY","","","GENERAL","","","no","","القدرة على التكيف والمرونة","","وحدة قصيرة للمبتدئين حول أهمية القدرة على التكيف عند تبني بيئات العمل للتقنيات الجديدة، مع استراتيجيات عملية لبناء المرونة النفسية وتجاوز تحديات التبني الشائعة. تذكر IBM أن مدتها أقل من ساعة.","İş yerleri yeni teknolojiler benimserken uyum yeteneğinin neden önemli olduğuna dair kısa bir başlangıç modülü; dayanıklılık geliştirme ve yaygın benimseme zorluklarını aşmaya yönelik pratik stratejiler sunar. IBM süresini bir saatten az olarak belirtiyor.","PENDING_REVIEW","MICRO","IBM_SKILLSBUILD",""
"IBM-ALM-COURSE_4058984","Growth Mindset","https://skills.yourlearning.ibm.com/activity/ALM-COURSE_4058984","IBM SkillsBuild","IBM SkillsBuild","A short beginner module explaining the traits of a growth mindset and practical ways to learn from setbacks and keep developing at work. IBM lists it as under an hour.","en","","","BEGINNER","0.5","yes","","no","PRODUCTIVITY","","","GENERAL","","","no","","عقلية النمو","","وحدة قصيرة للمبتدئين تشرح سمات عقلية النمو وطرقًا عملية للتعلم من الإخفاقات ومواصلة التطور في العمل. تذكر IBM أن مدتها أقل من ساعة.","Gelişim zihniyetinin özelliklerini ve aksiliklerden ders çıkarıp işte gelişmeye devam etmenin pratik yollarını açıklayan kısa bir başlangıç modülü. IBM süresini bir saatten az olarak belirtiyor.","PENDING_REVIEW","MICRO","IBM_SKILLSBUILD",""
"IBM-ALM-COURSE_3953916","Problem Solving and Critical Thinking","https://skills.yourlearning.ibm.com/activity/ALM-COURSE_3953916","IBM SkillsBuild","IBM SkillsBuild","A beginner module on defining problems clearly, finding root causes, generating creative solutions, choosing between options with decision frameworks, and measuring whether a fix worked. IBM lists it as 1 to 3 hours.","en","","","BEGINNER","1","yes","","no","PRODUCTIVITY","","","GENERAL;PRODUCTION;QUALITY","","","no","","","","وحدة للمبتدئين حول تحديد المشكلات بوضوح، والوصول إلى الأسباب الجذرية، وتوليد حلول مبتكرة، والمفاضلة بين الخيارات باستخدام أطر اتخاذ القرار، وقياس نجاح الحل. تذكر IBM أن مدتها من ساعة إلى 3 ساعات.","Problemleri net biçimde tanımlama, kök nedenleri bulma, yaratıcı çözümler üretme, karar çerçeveleriyle seçenekler arasında seçim yapma ve çözümün işe yarayıp yaramadığını ölçme üzerine başlangıç düzeyi bir modül. IBM süresini 1 ile 3 saat arası olarak belirtiyor.","PENDING_REVIEW","COURSE","IBM_SKILLSBUILD",""
"IBM-ALM-COURSE_4058988","Creativity and Innovation","https://skills.yourlearning.ibm.com/activity/ALM-COURSE_4058988","IBM SkillsBuild","IBM SkillsBuild","A short beginner module on the link between creativity and problem solving, with simple strategies for encouraging new ideas at work. IBM lists it as under an hour.","en","","","BEGINNER","0.5","yes","","no","PRODUCTIVITY","","","GENERAL","","","no","","الإبداع والابتكار","","وحدة قصيرة للمبتدئين حول العلاقة بين الإبداع وحل المشكلات، مع استراتيجيات بسيطة لتشجيع الأفكار الجديدة في العمل. تذكر IBM أن مدتها أقل من ساعة.","Yaratıcılık ile problem çözme arasındaki bağlantı ve işte yeni fikirleri teşvik etmeye yönelik basit stratejiler üzerine kısa bir başlangıç modülü. IBM süresini bir saatten az olarak belirtiyor.","PENDING_REVIEW","MICRO","IBM_SKILLSBUILD",""
"IBM-ALM-COURSE_4058985","Continuous Learning","https://skills.yourlearning.ibm.com/activity/ALM-COURSE_4058985","IBM SkillsBuild","IBM SkillsBuild","A short beginner module on why ongoing skill development matters as technology changes, and practical strategies for self-directed learning. IBM lists it as under an hour.","en","","","BEGINNER","0.5","yes","","no","PRODUCTIVITY","","","GENERAL","","","no","","التعلم المستمر","","وحدة قصيرة للمبتدئين حول أهمية تطوير المهارات باستمرار مع تغير التقنيات، واستراتيجيات عملية للتعلم الذاتي. تذكر IBM أن مدتها أقل من ساعة.","Teknoloji değiştikçe beceri geliştirmenin neden önemli olduğu ve öz yönelimli öğrenme için pratik stratejiler üzerine kısa bir başlangıç modülü. IBM süresini bir saatten az olarak belirtiyor.","PENDING_REVIEW","MICRO","IBM_SKILLSBUILD",""
"IBM-ALM-COURSE_3953913","Collaboration and Team Dynamics","https://skills.yourlearning.ibm.com/activity/ALM-COURSE_3953913","IBM SkillsBuild","IBM SkillsBuild","A beginner module on what makes teams work well, including psychological safety, good practice for in-person, virtual and hybrid teamwork, and running effective online meetings. IBM lists it as 1 to 3 hours.","en","","","BEGINNER","1","yes","","no","COMMUNICATION","","","GENERAL;MANAGEMENT","","","no","","","","وحدة للمبتدئين حول عوامل نجاح الفرق، بما في ذلك الأمان النفسي، والممارسات الجيدة للعمل الجماعي الحضوري والافتراضي والهجين، وإدارة الاجتماعات الإلكترونية بفعالية. تذكر IBM أن مدتها من ساعة إلى 3 ساعات.","Ekiplerin iyi çalışmasını sağlayan unsurlar üzerine başlangıç düzeyi bir modül; psikolojik güvenlik, yüz yüze, sanal ve hibrit ekip çalışması için iyi uygulamalar ve etkili çevrim içi toplantılar yürütmeyi kapsar. IBM süresini 1 ile 3 saat arası olarak belirtiyor.","PENDING_REVIEW","COURSE","IBM_SKILLSBUILD",""
"IBM-ALM-COURSE_4058983","Navigating Ambiguity and Change","https://skills.yourlearning.ibm.com/activity/ALM-COURSE_4058983","IBM SkillsBuild","IBM SkillsBuild","A short beginner module on recognising ambiguity and how it affects decisions, with strategies for staying flexible and positive during organisational and technological change. IBM lists it as under an hour.","en","","","BEGINNER","0.5","yes","","no","PRODUCTIVITY","","","GENERAL;MANAGEMENT","","","no","","التعامل مع الغموض والتغيير","","وحدة قصيرة للمبتدئين حول التعرف على الغموض وتأثيره في القرارات، مع استراتيجيات للحفاظ على المرونة والإيجابية أثناء التغيرات التنظيمية والتقنية. تذكر IBM أن مدتها أقل من ساعة.","Belirsizliği tanıma ve kararlar üzerindeki etkisi ile kurumsal ve teknolojik değişim sırasında esnek ve olumlu kalma stratejileri üzerine kısa bir başlangıç modülü. IBM süresini bir saatten az olarak belirtiyor.","PENDING_REVIEW","MICRO","IBM_SKILLSBUILD",""
"IBM-ALM-COURSE_4058987","Collaboration and Networking","https://skills.yourlearning.ibm.com/activity/ALM-COURSE_4058987","IBM SkillsBuild","IBM SkillsBuild","A short beginner module on collaborating effectively in a digital workplace and building and maintaining professional networks. IBM lists it as under an hour.","en","","","BEGINNER","0.5","yes","","no","COMMUNICATION","","","GENERAL","","","no","","التعاون والتواصل الشبكي","","وحدة قصيرة للمبتدئين حول التعاون الفعال في بيئة العمل الرقمية وبناء شبكات العلاقات المهنية والحفاظ عليها. تذكر IBM أن مدتها أقل من ساعة.","Dijital iş yerinde etkili iş birliği ile profesyonel ağlar kurma ve sürdürme üzerine kısa bir başlangıç modülü. IBM süresini bir saatten az olarak belirtiyor.","PENDING_REVIEW","MICRO","IBM_SKILLSBUILD",""
"IBM-ALM-COURSE_3953914","Interpersonal and Workplace Communication","https://skills.yourlearning.ibm.com/activity/ALM-COURSE_3953914","IBM SkillsBuild","IBM SkillsBuild","A beginner module on communication styles, active listening and emotional intelligence, and practical ways to handle conflict and difficult conversations at work. IBM lists it as 1 to 3 hours.","en","","","BEGINNER","1","yes","","no","COMMUNICATION","","","GENERAL;MANAGEMENT","","","no","","","","وحدة للمبتدئين حول أنماط التواصل والإنصات الفعال والذكاء العاطفي، وطرق عملية للتعامل مع الخلافات والمحادثات الصعبة في العمل. تذكر IBM أن مدتها من ساعة إلى 3 ساعات.","İletişim tarzları, aktif dinleme ve duygusal zekâ ile işte çatışmaları ve zor konuşmaları yönetmenin pratik yolları üzerine başlangıç düzeyi bir modül. IBM süresini 1 ile 3 saat arası olarak belirtiyor.","PENDING_REVIEW","COURSE","IBM_SKILLSBUILD",""
"IBM-ALM-COURSE_3953912","Effective Presentation and Communication","https://skills.yourlearning.ibm.com/activity/ALM-COURSE_3953912","IBM SkillsBuild","IBM SkillsBuild","A beginner module on preparing and delivering presentations: understanding the audience and purpose, structuring clear and visual slides, and presenting with confidence. IBM lists it as 1 to 3 hours.","en","","","BEGINNER","1","yes","","no","COMMUNICATION","","","GENERAL;MANAGEMENT;SALES_MARKETING","","","no","","","","وحدة للمبتدئين حول إعداد العروض التقديمية وتقديمها: فهم الجمهور والهدف، وتنظيم شرائح واضحة وجذابة بصريًا، والتقديم بثقة. تذكر IBM أن مدتها من ساعة إلى 3 ساعات.","Sunum hazırlama ve yapma üzerine başlangıç düzeyi bir modül: hedef kitleyi ve amacı anlama, net ve görsel olarak çekici slaytlar oluşturma ve kendinden emin sunum yapma. IBM süresini 1 ile 3 saat arası olarak belirtiyor.","PENDING_REVIEW","COURSE","IBM_SKILLSBUILD",""
"IBM-ALM-COURSE_3953915","Agile Ways of Working: Enhancing Efficiency, Decision Making, and Adaptability","https://skills.yourlearning.ibm.com/activity/ALM-COURSE_3953915","IBM SkillsBuild","IBM SkillsBuild","A beginner module on setting goals and priorities, using decision-making frameworks, giving and receiving feedback, and working in an agile, continuously improving way. IBM lists it as 1 to 3 hours.","en","","","BEGINNER","1","yes","","no","PRODUCTIVITY","","","GENERAL;MANAGEMENT","","","no","","","","وحدة للمبتدئين حول تحديد الأهداف والأولويات، واستخدام أطر اتخاذ القرار، وتقديم الملاحظات وتلقيها، والعمل بأسلوب مرن قائم على التحسين المستمر. تذكر IBM أن مدتها من ساعة إلى 3 ساعات.","Hedef ve öncelik belirleme, karar verme çerçevelerini kullanma, geri bildirim verme ve alma ile çevik ve sürekli iyileşen bir şekilde çalışma üzerine başlangıç düzeyi bir modül. IBM süresini 1 ile 3 saat arası olarak belirtiyor.","PENDING_REVIEW","COURSE","IBM_SKILLSBUILD",""
"IBM-ALM-COURSE_3822991","Digital Communications and Collaboration","https://skills.yourlearning.ibm.com/activity/ALM-COURSE_3822991","IBM SkillsBuild","IBM SkillsBuild","A short beginner module introducing the main digital channels and software tools used to communicate and collaborate at work. IBM lists it as under an hour.","en","","","BEGINNER","0.5","yes","","no","COMMUNICATION","","","GENERAL","","","no","","الاتصالات والتعاون الرقمي","","وحدة قصيرة للمبتدئين تعرّف بالقنوات الرقمية والأدوات البرمجية الرئيسية المستخدمة للتواصل والتعاون في العمل. تذكر IBM أن مدتها أقل من ساعة.","İşte iletişim ve iş birliği için kullanılan başlıca dijital kanalları ve yazılım araçlarını tanıtan kısa bir başlangıç modülü. IBM süresini bir saatten az olarak belirtiyor.","PENDING_REVIEW","MICRO","IBM_SKILLSBUILD",""
"IBM-ALM-COURSE_4058990","Data-Driven Decision Making","https://skills.yourlearning.ibm.com/activity/ALM-COURSE_4058990","IBM SkillsBuild","IBM SkillsBuild","A short beginner module on why decisions should be based on data, the basic skills for analysing and interpreting data, and ways to bring data into everyday workplace decisions. IBM lists it as under an hour.","en","","","BEGINNER","0.5","yes","","no","DATA","","","GENERAL;MANAGEMENT","","","no","","اتخاذ القرارات القائمة على البيانات","","وحدة قصيرة للمبتدئين حول أهمية بناء القرارات على البيانات، والمهارات الأساسية لتحليل البيانات وتفسيرها، وطرق إدخال البيانات في القرارات اليومية في العمل. تذكر IBM أن مدتها أقل من ساعة.","Kararların neden veriye dayanması gerektiği, veriyi analiz etme ve yorumlamaya yönelik temel beceriler ve verinin günlük iş kararlarına nasıl dahil edileceği üzerine kısa bir başlangıç modülü. IBM süresini bir saatten az olarak belirtiyor.","PENDING_REVIEW","MICRO","IBM_SKILLSBUILD",""
"IBM-ALM-COURSE_3822992","Managing Projects in a Digital Environment","https://skills.yourlearning.ibm.com/activity/ALM-COURSE_3822992","IBM SkillsBuild","IBM SkillsBuild","A short beginner module outlining the phases of project management, how digital tools change the way projects are run, and the basics of agile project management. IBM lists it as under an hour.","en","","","BEGINNER","0.5","yes","","no","LEADERSHIP","","","GENERAL;MANAGEMENT","","","no","","إدارة المشروعات في البيئة الرقمية","","وحدة قصيرة للمبتدئين تستعرض مراحل إدارة المشاريع، وكيف تغيّر الأدوات الرقمية طريقة تنفيذ المشاريع، وأساسيات إدارة المشاريع بمنهجية أجايل. تذكر IBM أن مدتها أقل من ساعة.","Proje yönetiminin aşamalarını, dijital araçların projelerin yürütülme biçimini nasıl değiştirdiğini ve çevik proje yönetiminin temellerini özetleyen kısa bir başlangıç modülü. IBM süresini bir saatten az olarak belirtiyor.","PENDING_REVIEW","MICRO","IBM_SKILLSBUILD",""
"IBM-ALM-COURSE_3822994","Digital Data Gathering, Analysis, and Presentation","https://skills.yourlearning.ibm.com/activity/ALM-COURSE_3822994","IBM SkillsBuild","IBM SkillsBuild","A short beginner module on the basic steps from collecting data, through analysing it, to presenting results clearly to support decisions. IBM lists it as under an hour.","en","","","BEGINNER","0.5","yes","","no","DATA","","","GENERAL","","","no","","تجميع البيانات الرقمية، وتحليلها وعرضها","","وحدة قصيرة للمبتدئين حول الخطوات الأساسية من جمع البيانات إلى تحليلها ثم عرض النتائج بوضوح لدعم القرارات. تذكر IBM أن مدتها أقل من ساعة.","Veri toplamadan analiz etmeye ve kararları desteklemek için sonuçları net şekilde sunmaya kadar temel adımları ele alan kısa bir başlangıç modülü. IBM süresini bir saatten az olarak belirtiyor.","PENDING_REVIEW","MICRO","IBM_SKILLSBUILD",""
"IBM-ALM-COURSE_3822993","Online Security","https://skills.yourlearning.ibm.com/activity/ALM-COURSE_3822993","IBM SkillsBuild","IBM SkillsBuild","A short beginner module on common online threats and simple habits people can use to protect themselves and their data. IBM lists it as under an hour.","en","","","BEGINNER","0.5","yes","","no","SAFETY_COMPLIANCE","","","GENERAL","","","no","","الأمن عبر الإنترنت","","وحدة قصيرة للمبتدئين حول التهديدات الشائعة على الإنترنت والعادات البسيطة التي يمكن اتباعها لحماية النفس والبيانات. تذكر IBM أن مدتها أقل من ساعة.","Yaygın çevrim içi tehditler ve kişilerin kendilerini ve verilerini korumak için uygulayabileceği basit alışkanlıklar üzerine kısa bir başlangıç modülü. IBM süresini bir saatten az olarak belirtiyor.","PENDING_REVIEW","MICRO","IBM_SKILLSBUILD",""
"IBM-ALM-COURSE_3822848","Practicing Customer-Focused Communication","https://skills.yourlearning.ibm.com/activity/ALM-COURSE_3822848","IBM SkillsBuild","IBM SkillsBuild","An intermediate module for customer-facing staff on building rapport and trust, giving clear and concise information, saying no constructively, and working with colleagues to resolve customer issues. IBM lists it as 3 to 10 hours.","en","","","INTERMEDIATE","3","yes","","no","COMMUNICATION","","","SALES_MARKETING;GENERAL","","","no","","التدرب على التواصل مع التركيز على العملاء","","وحدة بمستوى متوسط للموظفين المتعاملين مع العملاء حول بناء الثقة والعلاقة الجيدة، وتقديم معلومات واضحة وموجزة، والرفض بطريقة بناءة، والتعاون مع الزملاء لحل مشكلات العملاء. تذكر IBM أن مدتها من 3 إلى 10 ساعات.","Müşteriyle temas eden çalışanlar için güven ve yakınlık kurma, net ve öz bilgi verme, yapıcı şekilde hayır deme ve müşteri sorunlarını çözmek için iş arkadaşlarıyla birlikte çalışma üzerine orta düzey bir modül. IBM süresini 3 ile 10 saat arası olarak belirtiyor.","PENDING_REVIEW","COURSE","IBM_SKILLSBUILD",""
"IBM-ALM-COURSE_3822849","Cultivating a Service Mindset","https://skills.yourlearning.ibm.com/activity/ALM-COURSE_3822849","IBM SkillsBuild","IBM SkillsBuild","An intermediate module on staying attentive and focused on customer needs, building resilience and resourcefulness when solving customer problems, and giving and asking for help effectively. IBM lists it as 3 to 10 hours.","en","","","INTERMEDIATE","3","yes","","no","COMMUNICATION","","","SALES_MARKETING;GENERAL","","","no","","تنمية عقلية الخدمة","","وحدة بمستوى متوسط حول الانتباه والتركيز على احتياجات العملاء، وبناء المرونة وسعة الحيلة عند حل مشكلاتهم، وتقديم المساعدة وطلبها بفعالية. تذكر IBM أن مدتها من 3 إلى 10 ساعات.","Müşteri ihtiyaçlarına dikkatli ve odaklı kalma, müşteri sorunlarını çözerken dayanıklılık ve beceriklilik geliştirme ile etkili biçimde yardım etme ve yardım isteme üzerine orta düzey bir modül. IBM süresini 3 ile 10 saat arası olarak belirtiyor.","PENDING_REVIEW","COURSE","IBM_SKILLSBUILD",""
"IBM-ALM-COURSE_3822851","Developing Productivity Habits","https://skills.yourlearning.ibm.com/activity/ALM-COURSE_3822851","IBM SkillsBuild","IBM SkillsBuild","An intermediate module on improving personal productivity in a support role, following organisational service standards, and managing assigned tickets or requests well. IBM lists it as 3 to 10 hours.","en","","","INTERMEDIATE","3","yes","","no","PRODUCTIVITY","","","GENERAL;SALES_MARKETING","","","no","","تطوير عادات الإنتاجية","","وحدة بمستوى متوسط حول تحسين الإنتاجية الشخصية في أدوار الدعم، والالتزام بمعايير الخدمة في المؤسسة، وإدارة الطلبات أو التذاكر المسندة بكفاءة. تذكر IBM أن مدتها من 3 إلى 10 ساعات.","Destek rolünde kişisel verimliliği artırma, kurumsal hizmet standartlarına uyma ve atanan talepleri iyi yönetme üzerine orta düzey bir modül. IBM süresini 3 ile 10 saat arası olarak belirtiyor.","PENDING_REVIEW","COURSE","IBM_SKILLSBUILD",""
"IBM-ALM-COURSE_3822850","Exploring Solution-Driven Behaviors","https://skills.yourlearning.ibm.com/activity/ALM-COURSE_3822850","IBM SkillsBuild","IBM SkillsBuild","An intermediate module on finding information quickly, building a useful resource library, solving customer problems methodically, and showing expertise with sensitivity. IBM lists it as 3 to 10 hours.","en","","","INTERMEDIATE","3","yes","","no","COMMUNICATION","","","SALES_MARKETING;GENERAL","","","no","","استكشاف السلوكيات الموجهة نحو الحلول","","وحدة بمستوى متوسط حول العثور على المعلومات بسرعة، وبناء مكتبة مراجع مفيدة، وحل مشكلات العملاء بطريقة منهجية، وإظهار الخبرة مع مراعاة مشاعر العميل. تذكر IBM أن مدتها من 3 إلى 10 ساعات.","Bilgiye hızlı ulaşma, faydalı bir kaynak kütüphanesi oluşturma, müşteri sorunlarını yöntemli biçimde çözme ve uzmanlığı duyarlılıkla gösterme üzerine orta düzey bir modül. IBM süresini 3 ile 10 saat arası olarak belirtiyor.","PENDING_REVIEW","COURSE","IBM_SKILLSBUILD",""
"IBM-ALM-COURSE_3826383","Exploring the Basics of Project Management","https://skills.yourlearning.ibm.com/activity/ALM-COURSE_3826383","IBM SkillsBuild","IBM SkillsBuild","An intermediate module introducing projects and project management, the role and competencies of a project manager, stakeholder interests, and common project management approaches. IBM lists it as 1 to 3 hours.","en","","","INTERMEDIATE","1","yes","","no","LEADERSHIP","","","MANAGEMENT;GENERAL","","","no","","استكشاف أساسيات إدارة المشاريع","","وحدة بمستوى متوسط تعرّف بالمشاريع وإدارتها، ودور مدير المشروع وكفاءاته، ومصالح أصحاب المصلحة، والمناهج الشائعة لإدارة المشاريع. تذكر IBM أن مدتها من ساعة إلى 3 ساعات.","Proje ve proje yönetimini, proje yöneticisinin rolü ve yetkinliklerini, paydaş çıkarlarını ve yaygın proje yönetimi yaklaşımlarını tanıtan orta düzey bir modül. IBM süresini 1 ile 3 saat arası olarak belirtiyor.","PENDING_REVIEW","COURSE","IBM_SKILLSBUILD",""
"IBM-ALM-COURSE_3826385","Navigating the Project Management Lifecycle","https://skills.yourlearning.ibm.com/activity/ALM-COURSE_3826385","IBM SkillsBuild","IBM SkillsBuild","An intermediate module walking through each phase of the project lifecycle, the tasks and documents a project manager uses in each phase, and a practical scenario applying them. IBM lists it as 3 to 10 hours.","en","","","INTERMEDIATE","3","yes","","no","LEADERSHIP","","","MANAGEMENT;GENERAL","","","no","","التنقل عبر دورة حياة إدارة المشاريع","","وحدة بمستوى متوسط تستعرض كل مرحلة من مراحل دورة حياة المشروع، والمهام والمستندات التي يستخدمها مدير المشروع في كل مرحلة، مع سيناريو عملي لتطبيقها. تذكر IBM أن مدتها من 3 إلى 10 ساعات.","Proje yaşam döngüsünün her aşamasını, proje yöneticisinin her aşamada kullandığı görev ve belgeleri ve bunların uygulandığı pratik bir senaryoyu ele alan orta düzey bir modül. IBM süresini 3 ile 10 saat arası olarak belirtiyor.","PENDING_REVIEW","COURSE","IBM_SKILLSBUILD",""
"IBM-ALM-COURSE_3822756","A Taste of Agile","https://skills.yourlearning.ibm.com/activity/ALM-COURSE_3822756","IBM SkillsBuild","IBM SkillsBuild","A beginner module giving basic awareness of Agile values, principles, practices and team dynamics, and how they can change the way people work. IBM lists it as 1 to 3 hours.","en","","","BEGINNER","1","yes","","no","PRODUCTIVITY","","","GENERAL","","","no","","لمحة عن أجايل","","وحدة للمبتدئين تقدم وعيًا أساسيًا بقيم ومبادئ وممارسات منهجية أجايل وديناميكيات الفريق، وكيف يمكنها تغيير طريقة العمل. تذكر IBM أن مدتها من ساعة إلى 3 ساعات.","Çevik (Agile) değerler, ilkeler, uygulamalar ve ekip dinamikleri hakkında temel farkındalık kazandıran ve bunların çalışma biçimini nasıl değiştirebileceğini gösteren başlangıç düzeyi bir modül. IBM süresini 1 ile 3 saat arası olarak belirtiyor.","PENDING_REVIEW","COURSE","IBM_SKILLSBUILD",""
"IBM-ALM-COURSE_3822771","Agile Program Fundamentals","https://skills.yourlearning.ibm.com/activity/ALM-COURSE_3822771","IBM SkillsBuild","IBM SkillsBuild","A beginner module for project teams on planning, structuring and delivering work in small iterative steps, with recommended Agile practices, tools and techniques. IBM lists it as 1 to 3 hours.","en","","","BEGINNER","1","yes","","no","PRODUCTIVITY","","","MANAGEMENT;GENERAL","","","no","","أساسيات برنامج أجايل","","وحدة للمبتدئين لفرق المشاريع حول تخطيط العمل وتنظيمه وتسليمه على مراحل تكرارية صغيرة، مع ممارسات وأدوات وأساليب أجايل الموصى بها. تذكر IBM أن مدتها من ساعة إلى 3 ساعات.","Proje ekipleri için işi küçük, yinelemeli adımlarla planlama, yapılandırma ve teslim etme üzerine, önerilen çevik uygulama, araç ve tekniklerle başlangıç düzeyi bir modül. IBM süresini 1 ile 3 saat arası olarak belirtiyor.","PENDING_REVIEW","COURSE","IBM_SKILLSBUILD",""
"IBM-ALM-COURSE_3822770","Agile Operations Fundamentals","https://skills.yourlearning.ibm.com/activity/ALM-COURSE_3822770","IBM SkillsBuild","IBM SkillsBuild","A beginner module for operational teams on applying Agile practices to plan, deliver, monitor and continuously improve day-to-day processes. IBM lists it as 1 to 3 hours.","en","","","BEGINNER","1","yes","","no","OPERATIONS","","","PRODUCTION;MANAGEMENT;GENERAL","","","no","","أساسيات عمليات أجايل","","وحدة للمبتدئين لفرق العمليات حول تطبيق ممارسات أجايل في تخطيط العمليات اليومية وتنفيذها ومتابعتها وتحسينها باستمرار. تذكر IBM أن مدتها من ساعة إلى 3 ساعات.","Operasyon ekipleri için günlük süreçleri planlama, yürütme, izleme ve sürekli iyileştirmede çevik uygulamaları kullanma üzerine başlangıç düzeyi bir modül. IBM süresini 1 ile 3 saat arası olarak belirtiyor.","PENDING_REVIEW","COURSE","IBM_SKILLSBUILD",""
"IBM-ALM-COURSE_3825245","Exploring Data","https://skills.yourlearning.ibm.com/activity/ALM-COURSE_3825245","IBM SkillsBuild","IBM SkillsBuild","A beginner module on what data is, how it is classified and stored in databases, and how analysis turns it into information that supports decisions. IBM lists it as 1 to 3 hours.","en","","","BEGINNER","1","yes","","no","DATA","","","GENERAL","","","no","","استكشاف البيانات","Verileri Keşfetme","وحدة للمبتدئين حول ماهية البيانات، وكيفية تصنيفها وتخزينها في قواعد البيانات، وكيف يحوّلها التحليل إلى معلومات تدعم القرارات. تذكر IBM أن مدتها من ساعة إلى 3 ساعات.","Verinin ne olduğu, nasıl sınıflandırılıp veritabanlarında saklandığı ve analizin onu kararları destekleyen bilgiye nasıl dönüştürdüğü üzerine başlangıç düzeyi bir modül. IBM süresini 1 ile 3 saat arası olarak belirtiyor.","PENDING_REVIEW","COURSE","IBM_SKILLSBUILD",""
"IBM-ALM-COURSE_4065068","Sensemaking with Data","https://skills.yourlearning.ibm.com/activity/ALM-COURSE_4065068","IBM SkillsBuild","IBM SkillsBuild","A beginner module on how data is generated and organised, using charts and dashboards to find insights, checking data quality, and considering ethics in evidence-based decisions. IBM lists it as 1 to 3 hours.","en","","","BEGINNER","1","yes","","no","DATA","","","GENERAL;MANAGEMENT","","","no","","استخلاص الرؤى من البيانات","Verilerden Anlam Çıkarma","وحدة للمبتدئين حول كيفية إنتاج البيانات وتنظيمها، واستخدام الرسوم البيانية ولوحات المعلومات لاستخلاص الرؤى، والتحقق من جودة البيانات، ومراعاة الجوانب الأخلاقية في القرارات المبنية على الأدلة. تذكر IBM أن مدتها من ساعة إلى 3 ساعات.","Verinin nasıl üretilip düzenlendiği, içgörü elde etmek için grafik ve gösterge panellerinin kullanımı, veri kalitesinin kontrolü ve kanıta dayalı kararlarda etik boyut üzerine başlangıç düzeyi bir modül. IBM süresini 1 ile 3 saat arası olarak belirtiyor.","PENDING_REVIEW","COURSE","IBM_SKILLSBUILD",""
"IBM-ALM-COURSE_4058922","Introduction to Data Concepts","https://skills.yourlearning.ibm.com/activity/ALM-COURSE_4058922","IBM SkillsBuild","IBM SkillsBuild","An intermediate course on fundamental data concepts: structured and unstructured data, quantitative and qualitative data, big data, the types of analytics, and the steps of the analysis process. IBM lists it as 1 to 3 hours.","en","","","INTERMEDIATE","1","yes","","no","DATA","","","GENERAL","","","no","","مقدمة في مفاهيم البيانات","Veri Kavramlarına Giriş","دورة بمستوى متوسط حول المفاهيم الأساسية للبيانات: البيانات المهيكلة وغير المهيكلة، والكمية والنوعية، والبيانات الضخمة، وأنواع التحليلات، وخطوات عملية التحليل. تذكر IBM أن مدتها من ساعة إلى 3 ساعات.","Temel veri kavramları üzerine orta düzey bir kurs: yapılandırılmış ve yapılandırılmamış veri, nicel ve nitel veri, büyük veri, analitik türleri ve analiz sürecinin adımları. IBM süresini 1 ile 3 saat arası olarak belirtiyor.","PENDING_REVIEW","COURSE","IBM_SKILLSBUILD",""
"IBM-ALM-COURSE_3821241","The Data Analysis Process","https://skills.yourlearning.ibm.com/activity/ALM-COURSE_3821241","IBM SkillsBuild","IBM SkillsBuild","A module that applies the five-step data analysis process (preparing, gathering, manipulating, analysing and interpreting data) to a realistic workplace scenario. IBM lists it as 1 to 3 hours.","en","","","ADVANCED","1","yes","","no","DATA","","","GENERAL;FINANCE;SUPPLY_CHAIN","","","no","","عملية تحليل البيانات","","وحدة تطبق عملية تحليل البيانات المكونة من خمس خطوات (التحضير والجمع والمعالجة والتحليل والتفسير) على سيناريو عمل واقعي. تذكر IBM أن مدتها من ساعة إلى 3 ساعات.","Beş adımlı veri analizi sürecini (hazırlama, toplama, işleme, analiz etme ve yorumlama) gerçekçi bir iş senaryosuna uygulayan bir modül. IBM süresini 1 ile 3 saat arası olarak belirtiyor.","PENDING_REVIEW","COURSE","IBM_SKILLSBUILD",""
"IBM-ALM-COURSE_3821244","The Importance of Data Visualization","https://skills.yourlearning.ibm.com/activity/ALM-COURSE_3821244","IBM SkillsBuild","IBM SkillsBuild","A module on using charts and dashboards to communicate findings, good labelling and documentation practice, using feedback to improve visuals, and building self-service dashboards. IBM lists it as 1 to 3 hours.","en","","","ADVANCED","1","yes","","no","DATA","","","GENERAL;MANAGEMENT","","","no","","أهمية العرض المصور للبيانات","","وحدة حول استخدام الرسوم البيانية ولوحات المعلومات لتوصيل النتائج، والممارسات الجيدة في التسمية والتوثيق، والاستفادة من الملاحظات لتحسين العروض المرئية، وبناء لوحات معلومات للخدمة الذاتية. تذكر IBM أن مدتها من ساعة إلى 3 ساعات.","Bulguları iletmek için grafik ve gösterge panellerinin kullanımı, iyi etiketleme ve belgeleme uygulamaları, görselleri geri bildirimle iyileştirme ve self-servis gösterge panelleri oluşturma üzerine bir modül. IBM süresini 1 ile 3 saat arası olarak belirtiyor.","PENDING_REVIEW","COURSE","IBM_SKILLSBUILD",""
"IBM-ALM-COURSE_3821243","Communicating the Data Story","https://skills.yourlearning.ibm.com/activity/ALM-COURSE_3821243","IBM SkillsBuild","IBM SkillsBuild","A module on choosing the right charts and tables to tell a clear story with data and delivering an effective data presentation. IBM lists it as 1 to 3 hours.","en","","","ADVANCED","1","yes","","no","DATA","","","GENERAL;MANAGEMENT","","","no","","السرد القصصي للبيانات","","وحدة حول اختيار الرسوم البيانية والجداول المناسبة لرواية قصة واضحة بالبيانات، وتقديم عرض فعال للبيانات. تذكر IBM أن مدتها من ساعة إلى 3 ساعات.","Verilerle net bir hikâye anlatmak için doğru grafik ve tabloları seçme ve etkili bir veri sunumu yapma üzerine bir modül. IBM süresini 1 ile 3 saat arası olarak belirtiyor.","PENDING_REVIEW","COURSE","IBM_SKILLSBUILD",""
"IBM-ALM-COURSE_3821238","Introduction to Statistics","https://skills.yourlearning.ibm.com/activity/ALM-COURSE_3821238","IBM SkillsBuild","IBM SkillsBuild","A module covering data distributions, measures of central tendency and variability, and calculating descriptive statistics in Microsoft Excel. IBM lists it as 3 to 10 hours.","en","","","ADVANCED","3","yes","","no","DATA","","","QUALITY;FINANCE;GENERAL","","","no","","مقدمة في الإحصاء","","وحدة تغطي توزيعات البيانات ومقاييس النزعة المركزية والتشتت، وحساب الإحصاءات الوصفية باستخدام Microsoft Excel. تذكر IBM أن مدتها من 3 إلى 10 ساعات.","Veri dağılımlarını, merkezi eğilim ve değişkenlik ölçülerini ve Microsoft Excel'de betimsel istatistik hesaplamayı kapsayan bir modül. IBM süresini 3 ile 10 saat arası olarak belirtiyor.","PENDING_REVIEW","COURSE","IBM_SKILLSBUILD",""
"IBM-ALM-COURSE_3821240","Statistics in Decision Making and Risk Assessments","https://skills.yourlearning.ibm.com/activity/ALM-COURSE_3821240","IBM SkillsBuild","IBM SkillsBuild","A module on using statistical significance and hypothesis testing, together with descriptive and predictive modelling, to support business decisions and risk assessment. IBM lists it as 3 to 10 hours.","en","","","ADVANCED","3","yes","","no","DATA","","","QUALITY;FINANCE;MANAGEMENT","","","no","","الإحصاء في صناعة القرار وتقييمات المخاطر","","وحدة حول استخدام الدلالة الإحصائية واختبار الفرضيات، إلى جانب النمذجة الوصفية والتنبؤية، لدعم قرارات العمل وتقييم المخاطر. تذكر IBM أن مدتها من 3 إلى 10 ساعات.","İş kararlarını ve risk değerlendirmesini desteklemek için istatistiksel anlamlılık ve hipotez testinin yanı sıra betimsel ve tahmine dayalı modellemenin kullanımı üzerine bir modül. IBM süresini 3 ile 10 saat arası olarak belirtiyor.","PENDING_REVIEW","COURSE","IBM_SKILLSBUILD",""
"IBM-ALM-COURSE_4058857","Introduction to Tableau Desktop","https://skills.yourlearning.ibm.com/activity/ALM-COURSE_4058857","IBM SkillsBuild","IBM SkillsBuild","A beginner module for new Tableau Desktop users covering the connect, analyse and share workflow: connecting to data, building essential charts and creating an interactive dashboard. IBM lists it as 1 to 3 hours.","en","","","BEGINNER","1","yes","","no","DATA","","","GENERAL;FINANCE;SUPPLY_CHAIN","","","no","","","","وحدة للمبتدئين لمستخدمي Tableau Desktop الجدد تغطي سير العمل من الاتصال بالبيانات إلى التحليل ثم المشاركة: ربط مصادر البيانات، وإنشاء الرسوم البيانية الأساسية، وبناء لوحة معلومات تفاعلية. تذكر IBM أن مدتها من ساعة إلى 3 ساعات.","Yeni Tableau Desktop kullanıcıları için bağlan, analiz et ve paylaş iş akışını kapsayan başlangıç düzeyi bir modül: veriye bağlanma, temel grafikleri oluşturma ve etkileşimli bir gösterge paneli hazırlama. IBM süresini 1 ile 3 saat arası olarak belirtiyor.","PENDING_REVIEW","COURSE","IBM_SKILLSBUILD",""
"IBM-ALM-COURSE_4059725","Supercharge Your Data Analytics with Generative AI","https://skills.yourlearning.ibm.com/activity/ALM-COURSE_4059725","IBM SkillsBuild","IBM SkillsBuild","A beginner module on how generative AI supports each stage of data analytics, from data preparation to sharing insights, along with the main risks and responsible-use practices. IBM lists it as 1 to 3 hours.","en","","","BEGINNER","1","yes","","no","DATA","","","GENERAL","","","no","","","","وحدة للمبتدئين حول كيفية دعم الذكاء الاصطناعي التوليدي لكل مرحلة من مراحل تحليل البيانات، من تجهيز البيانات إلى مشاركة الرؤى، مع أبرز المخاطر وممارسات الاستخدام المسؤول. تذكر IBM أن مدتها من ساعة إلى 3 ساعات.","Üretken yapay zekânın veri hazırlamadan içgörü paylaşmaya kadar veri analitiğinin her aşamasını nasıl desteklediği ile başlıca riskler ve sorumlu kullanım uygulamaları üzerine başlangıç düzeyi bir modül. IBM süresini 1 ile 3 saat arası olarak belirtiyor.","PENDING_REVIEW","COURSE","IBM_SKILLSBUILD",""
"IBM-ALM-COURSE_3821251","Make Data-Driven Decisions to Improve Sales and Customer Satisfaction","https://skills.yourlearning.ibm.com/activity/ALM-COURSE_3821251","IBM SkillsBuild","IBM SkillsBuild","A capstone project in which learners filter, sort and merge sales and customer feedback data in Microsoft Excel to identify actions that improve sales and customer satisfaction. IBM lists it as 1 to 3 hours.","en","","","ADVANCED","1","yes","","no","DATA","","","SALES_MARKETING;GENERAL","","","no","","اتخاذ قرارات قائمة على البيانات لتحسين المبيعات وزيادة رضا العملاء","","مشروع ختامي يقوم فيه المتعلمون بتصفية بيانات المبيعات وآراء العملاء وفرزها ودمجها في Microsoft Excel لتحديد إجراءات تحسّن المبيعات ورضا العملاء. تذكر IBM أن مدتها من ساعة إلى 3 ساعات.","Öğrencilerin satış ve müşteri geri bildirim verilerini Microsoft Excel'de filtreleyip sıraladığı ve birleştirdiği, satışları ve müşteri memnuniyetini artıracak eylemleri belirlediği bir bitirme projesi. IBM süresini 1 ile 3 saat arası olarak belirtiyor.","PENDING_REVIEW","COURSE","IBM_SKILLSBUILD",""
"IBM-ALM-COURSE_3955079","Foundations in Generative AI","https://skills.yourlearning.ibm.com/activity/ALM-COURSE_3955079","IBM SkillsBuild","IBM SkillsBuild","A beginner course on how generative AI produces text and images, which tasks it suits, how large language models respond to prompts, and simple techniques for refining prompts. IBM lists it as 1 to 3 hours.","en","","","BEGINNER","1","yes","","no","GENERATIVE_AI","","","GENERAL","","","no","","أساسيات الذكاء الاصطناعي التوليدي","Üretken Yapay Zekanın Temelleri","دورة للمبتدئين حول كيفية إنتاج الذكاء الاصطناعي التوليدي للنصوص والصور، والمهام التي يناسبها، وكيف تستجيب النماذج اللغوية الكبيرة للأوامر، وأساليب بسيطة لتحسين الأوامر. تذكر IBM أن مدتها من ساعة إلى 3 ساعات.","Üretken yapay zekânın metin ve görselleri nasıl ürettiği, hangi görevlere uygun olduğu, büyük dil modellerinin istemlere nasıl yanıt verdiği ve istemleri iyileştirmenin basit teknikleri üzerine başlangıç düzeyi bir kurs. IBM süresini 1 ile 3 saat arası olarak belirtiyor.","PENDING_REVIEW","COURSE","IBM_SKILLSBUILD",""
"IBM-ALM-COURSE_3947336","Interacting with AI","https://skills.yourlearning.ibm.com/activity/ALM-COURSE_3947336","IBM SkillsBuild","IBM SkillsBuild","A beginner module on how people and businesses use AI and how the technology works, with guided practice using an AI assistant responsibly on a real-world task. IBM lists it as 1 to 3 hours.","en","","","BEGINNER","1","yes","","no","FOUNDATIONS","","","GENERAL","","","no","","التفاعل مع الذكاء الاصطناعي","Yapay zeka ile etkileşim kurma","وحدة للمبتدئين حول كيفية استخدام الأفراد والشركات للذكاء الاصطناعي وطريقة عمل هذه التقنية، مع تدريب موجه على استخدام مساعد ذكي بمسؤولية في مهمة واقعية. تذكر IBM أن مدتها من ساعة إلى 3 ساعات.","Kişilerin ve işletmelerin yapay zekâyı nasıl kullandığı ve teknolojinin nasıl çalıştığı üzerine, gerçek bir görevde bir yapay zekâ asistanını sorumlu biçimde kullanma alıştırması içeren başlangıç düzeyi bir modül. IBM süresini 1 ile 3 saat arası olarak belirtiyor.","PENDING_REVIEW","COURSE","IBM_SKILLSBUILD",""
"IBM-ALM-COURSE_3825247","Exploring Artificial Intelligence","https://skills.yourlearning.ibm.com/activity/ALM-COURSE_3825247","IBM SkillsBuild","IBM SkillsBuild","A beginner module explaining what AI is, its main types and enabling technologies, how it learns, and how it improves efficiency across industries. IBM lists it as 1 to 3 hours.","en","","","BEGINNER","1","yes","","no","FOUNDATIONS","","","GENERAL","","","no","","استكشاف الذكاء الاصطناعي","Yapay Zekayı Keşfetme","وحدة للمبتدئين تشرح ماهية الذكاء الاصطناعي وأنواعه الرئيسية والتقنيات التي يقوم عليها، وكيف يتعلم، وكيف يرفع الكفاءة في مختلف الصناعات. تذكر IBM أن مدتها من ساعة إلى 3 ساعات.","Yapay zekânın ne olduğunu, başlıca türlerini ve onu mümkün kılan teknolojileri, nasıl öğrendiğini ve sektörlerde verimliliği nasıl artırdığını açıklayan başlangıç düzeyi bir modül. IBM süresini 1 ile 3 saat arası olarak belirtiyor.","PENDING_REVIEW","COURSE","IBM_SKILLSBUILD",""
"IBM-ALM-COURSE_4058600","Prompt Engineering: Shaping Better AI Responses","https://skills.yourlearning.ibm.com/activity/ALM-COURSE_4058600","IBM SkillsBuild","IBM SkillsBuild","A beginner module on the main types of prompts, prompt engineering techniques and when to use each, and best practices for writing effective prompts. IBM lists it as 1 to 3 hours.","en","","","BEGINNER","1","yes","","no","GENERATIVE_AI","","","GENERAL","","","no","","هندسة المطالبات: تحسين استجابات الذكاء الاصطناعي","","وحدة للمبتدئين حول الأنواع الرئيسية للأوامر (المطالبات)، وأساليب هندسة الأوامر ومتى تُستخدم كل منها، وأفضل الممارسات لكتابة أوامر فعالة. تذكر IBM أن مدتها من ساعة إلى 3 ساعات.","Başlıca istem türleri, istem mühendisliği teknikleri ve her birinin ne zaman kullanılacağı ile etkili istem yazmanın en iyi uygulamaları üzerine başlangıç düzeyi bir modül. IBM süresini 1 ile 3 saat arası olarak belirtiyor.","PENDING_REVIEW","COURSE","IBM_SKILLSBUILD",""
"IBM-ALM-COURSE_4058927","AI Ethics","https://skills.yourlearning.ibm.com/activity/ALM-COURSE_4058927","IBM SkillsBuild","IBM SkillsBuild","An intermediate course on the five pillars of trustworthy AI (fairness, robustness, explainability, transparency and privacy), illustrated with real-world examples. IBM lists it as 1 to 3 hours.","en","","","INTERMEDIATE","1","yes","","no","FOUNDATIONS","","","GENERAL;MANAGEMENT;HR","","","no","","أخلاقيات الذكاء الاصطناعي","Yapay Zeka Etiği","دورة بمستوى متوسط حول الركائز الخمس للذكاء الاصطناعي الجدير بالثقة (العدالة والمتانة وقابلية التفسير والشفافية والخصوصية) مع أمثلة من الواقع. تذكر IBM أن مدتها من ساعة إلى 3 ساعات.","Güvenilir yapay zekânın beş temel ilkesi (adalet, sağlamlık, açıklanabilirlik, şeffaflık ve gizlilik) üzerine gerçek dünyadan örneklerle orta düzey bir kurs. IBM süresini 1 ile 3 saat arası olarak belirtiyor.","PENDING_REVIEW","COURSE","IBM_SKILLSBUILD",""
"IBM-ALM-COURSE_3947270","The Impact of AI on Business","https://skills.yourlearning.ibm.com/activity/ALM-COURSE_3947270","IBM SkillsBuild","IBM SkillsBuild","A module on AI solutions for specific business needs, the steps companies take to select and integrate the right one, and hands-on prompt practice in IBM watsonx. IBM lists it as 1 to 3 hours.","en","","","ADVANCED","1","yes","","no","FOUNDATIONS","","","MANAGEMENT;GENERAL","","","no","","","","وحدة حول حلول الذكاء الاصطناعي لاحتياجات أعمال محددة، والخطوات التي تتبعها الشركات لاختيار الحل المناسب ودمجه، مع تدريب عملي على كتابة الأوامر في IBM watsonx. تذكر IBM أن مدتها من ساعة إلى 3 ساعات.","Belirli iş ihtiyaçlarına yönelik yapay zekâ çözümleri, şirketlerin doğru çözümü seçip entegre etmek için izlediği adımlar ve IBM watsonx'te uygulamalı istem çalışması üzerine bir modül. IBM süresini 1 ile 3 saat arası olarak belirtiyor.","PENDING_REVIEW","COURSE","IBM_SKILLSBUILD",""
"IBM-ALM-COURSE_4069095","Unlocking Business Value with Enterprise AI","https://skills.yourlearning.ibm.com/activity/ALM-COURSE_4069095","IBM SkillsBuild","IBM SkillsBuild","A module for managers on matching AI solution capabilities to business challenges, comparing options and trade-offs, and selecting a suitable AI solution against business requirements. IBM lists it as 3 to 10 hours.","en","","","ADVANCED","3","yes","","no","FOUNDATIONS","","","MANAGEMENT;IT","","","no","","","","وحدة للمديرين حول مواءمة قدرات حلول الذكاء الاصطناعي مع تحديات العمل، ومقارنة الخيارات والمفاضلات بينها، واختيار الحل المناسب وفقًا لمتطلبات العمل. تذكر IBM أن مدتها من 3 إلى 10 ساعات.","Yöneticiler için yapay zekâ çözümlerinin yeteneklerini iş sorunlarıyla eşleştirme, seçenekleri ve ödünleşimleri karşılaştırma ve iş gereksinimlerine uygun çözümü seçme üzerine bir modül. IBM süresini 3 ile 10 saat arası olarak belirtiyor.","PENDING_REVIEW","COURSE","IBM_SKILLSBUILD",""
"IBM-ALM-COURSE_3825456","Unleashing the Power of AI Agents","https://skills.yourlearning.ibm.com/activity/ALM-COURSE_3825456","IBM SkillsBuild","IBM SkillsBuild","A beginner module on what AI agents are, their main types, how they carry out tasks, and where they improve efficiency in business today. IBM lists it as 1 to 3 hours.","en","","","BEGINNER","1","yes","","no","GENERATIVE_AI","","","GENERAL;MANAGEMENT","","","no","","إطلاق العنان لقدرات وكلاء الذكاء الاصطناعي","Yapay Zeka Ajanlarının Gücünü Ortaya Çıkarma","وحدة للمبتدئين حول ماهية وكلاء الذكاء الاصطناعي وأنواعهم الرئيسية وكيف ينفذون المهام، والمجالات التي يرفعون فيها الكفاءة في الأعمال حاليًا. تذكر IBM أن مدتها من ساعة إلى 3 ساعات.","Yapay zekâ ajanlarının ne olduğu, başlıca türleri, görevleri nasıl yerine getirdikleri ve günümüzde iş dünyasında verimliliği nerelerde artırdıkları üzerine başlangıç düzeyi bir modül. IBM süresini 1 ile 3 saat arası olarak belirtiyor.","PENDING_REVIEW","COURSE","IBM_SKILLSBUILD",""
"IBM-ALM-COURSE_4063811","Using Prompting Techniques to Organize a Daily Work and Personal Routine","https://skills.yourlearning.ibm.com/activity/ALM-COURSE_4063811","IBM SkillsBuild","IBM SkillsBuild","A short hands-on activity using Microsoft Copilot to practise writing, detailing and revising prompts that organise a daily work and personal routine. IBM lists it as under an hour.","en","","","BEGINNER","0.5","yes","","no","GENERATIVE_AI","","","GENERAL","","","no","","","","نشاط عملي قصير باستخدام Microsoft Copilot للتدرب على كتابة الأوامر وإضافة التفاصيل إليها ومراجعتها لتنظيم روتين يومي للعمل والحياة الشخصية. تذكر IBM أن مدتها أقل من ساعة.","Günlük iş ve kişisel rutini düzenleyen istemleri yazma, ayrıntılandırma ve gözden geçirme alıştırması yapılan, Microsoft Copilot ile kısa bir uygulamalı etkinlik. IBM süresini bir saatten az olarak belirtiyor.","PENDING_REVIEW","MICRO","IBM_SKILLSBUILD",""
"IBM-ALM-COURSE_4080383","Drafting a Structured, Written Report with AI as an Assistant","https://skills.yourlearning.ibm.com/activity/ALM-COURSE_4080383","IBM SkillsBuild","IBM SkillsBuild","A short hands-on activity on using AI as a writing assistant to turn scattered notes into a structured report outline, then reviewing and refining the result. IBM lists it as under an hour.","en","","","INTERMEDIATE","0.5","yes","","no","GENERATIVE_AI","","","GENERAL;MANAGEMENT","","","no","","","","نشاط عملي قصير حول استخدام الذكاء الاصطناعي كمساعد كتابة لتحويل الملاحظات المتفرقة إلى مخطط تقرير منظم، ثم مراجعة النتيجة وتحسينها. تذكر IBM أن مدتها أقل من ساعة.","Dağınık notları yapılandırılmış bir rapor taslağına dönüştürmek için yapay zekâyı yazma asistanı olarak kullanma, ardından sonucu gözden geçirip iyileştirme üzerine kısa bir uygulamalı etkinlik. IBM süresini bir saatten az olarak belirtiyor.","PENDING_REVIEW","MICRO","IBM_SKILLSBUILD",""
"IBM-ALM-COURSE_4080381","Turning Bullet Points into a Polished Email and Announcement","https://skills.yourlearning.ibm.com/activity/ALM-COURSE_4080381","IBM SkillsBuild","IBM SkillsBuild","A short hands-on activity on using AI to turn rough notes into clear emails and announcements, and checking the output for tone, clarity and accuracy. IBM lists it as under an hour.","en","","","INTERMEDIATE","0.5","yes","","no","GENERATIVE_AI","","","GENERAL","","","no","","","","نشاط عملي قصير حول استخدام الذكاء الاصطناعي لتحويل الملاحظات السريعة إلى رسائل بريد إلكتروني وإعلانات واضحة، ومراجعة المخرجات من حيث النبرة والوضوح والدقة. تذكر IBM أن مدتها أقل من ساعة.","Kaba notları net e-postalara ve duyurulara dönüştürmek için yapay zekâyı kullanma ve çıktının ton, açıklık ve doğruluğunu kontrol etme üzerine kısa bir uygulamalı etkinlik. IBM süresini bir saatten az olarak belirtiyor.","PENDING_REVIEW","MICRO","IBM_SKILLSBUILD",""
"IBM-ALM-COURSE_4080380","Rewriting a Message for Three Audiences","https://skills.yourlearning.ibm.com/activity/ALM-COURSE_4080380","IBM SkillsBuild","IBM SkillsBuild","A short hands-on activity on using AI to adapt one message for three different audiences by defining the task, audience, tone and constraints in the prompt. IBM lists it as under an hour.","en","","","INTERMEDIATE","0.5","yes","","no","GENERATIVE_AI","","","GENERAL","","","no","","","","نشاط عملي قصير حول استخدام الذكاء الاصطناعي لتكييف رسالة واحدة مع ثلاث فئات مختلفة من الجمهور، من خلال تحديد المهمة والجمهور والنبرة والقيود في الأمر. تذكر IBM أن مدتها أقل من ساعة.","İstemde görevi, hedef kitleyi, tonu ve kısıtları tanımlayarak tek bir mesajı üç farklı kitleye uyarlamak için yapay zekâ kullanımı üzerine kısa bir uygulamalı etkinlik. IBM süresini bir saatten az olarak belirtiyor.","PENDING_REVIEW","MICRO","IBM_SKILLSBUILD",""
"IBM-ALM-COURSE_4083265","Cleaning and Summarizing Data with AI","https://skills.yourlearning.ibm.com/activity/ALM-COURSE_4083265","IBM SkillsBuild","IBM SkillsBuild","A short hands-on activity on using AI to spot data quality problems such as inconsistent dates and outliers in a messy dataset, and to produce accurate descriptive summaries. IBM lists it as under an hour.","en","","","INTERMEDIATE","0.5","yes","","no","DATA","","","GENERAL","","","no","","","","نشاط عملي قصير حول استخدام الذكاء الاصطناعي لاكتشاف مشكلات جودة البيانات مثل التواريخ غير المتسقة والقيم الشاذة في مجموعة بيانات غير منظمة، وإعداد ملخصات وصفية دقيقة. تذكر IBM أن مدتها أقل من ساعة.","Dağınık bir veri kümesinde tutarsız tarihler ve aykırı değerler gibi veri kalitesi sorunlarını tespit etmek ve doğru betimsel özetler hazırlamak için yapay zekâ kullanımı üzerine kısa bir uygulamalı etkinlik. IBM süresini bir saatten az olarak belirtiyor.","PENDING_REVIEW","MICRO","IBM_SKILLSBUILD",""
"IBM-ALM-COURSE_4085579","Running What-If Scenarios to Explore Trade-offs","https://skills.yourlearning.ibm.com/activity/ALM-COURSE_4085579","IBM SkillsBuild","IBM SkillsBuild","A short hands-on activity on using an AI tool to generate and compare what-if business scenarios, weighing trade-offs and AI limitations before recommending a decision. IBM lists it as under an hour.","en","","","INTERMEDIATE","0.5","yes","","no","GENERATIVE_AI","","","MANAGEMENT;GENERAL","","","no","","","","نشاط عملي قصير حول استخدام أداة ذكاء اصطناعي لإنشاء سيناريوهات أعمال افتراضية ومقارنتها، مع موازنة المفاضلات وحدود الذكاء الاصطناعي قبل التوصية بقرار. تذكر IBM أن مدتها أقل من ساعة.","Bir karar önermeden önce ödünleşimleri ve yapay zekânın sınırlarını değerlendirerek varsayımsal iş senaryoları üretip karşılaştırmak için bir yapay zekâ aracı kullanma üzerine kısa bir uygulamalı etkinlik. IBM süresini bir saatten az olarak belirtiyor.","PENDING_REVIEW","MICRO","IBM_SKILLSBUILD",""
"IBM-ALM-COURSE_3947272","The Impact of AI on Informed Decision Making","https://skills.yourlearning.ibm.com/activity/ALM-COURSE_3947272","IBM SkillsBuild","IBM SkillsBuild","A module on how AI supports business decisions through predictive analytics and strategic planning, with a focus on supply chain operations, efficiency and cost reduction. IBM lists it as 1 to 3 hours.","en","","","ADVANCED","1","yes","","no","FOUNDATIONS","","","SUPPLY_CHAIN;MANAGEMENT","","","no","","","","وحدة حول كيفية دعم الذكاء الاصطناعي لقرارات الأعمال من خلال التحليلات التنبؤية والتخطيط الاستراتيجي، مع التركيز على عمليات سلسلة الإمداد والكفاءة وخفض التكاليف. تذكر IBM أن مدتها من ساعة إلى 3 ساعات.","Yapay zekânın tahmine dayalı analitik ve stratejik planlama yoluyla iş kararlarını nasıl desteklediği üzerine, tedarik zinciri operasyonları, verimlilik ve maliyet azaltmaya odaklanan bir modül. IBM süresini 1 ile 3 saat arası olarak belirtiyor.","PENDING_REVIEW","COURSE","IBM_SKILLSBUILD",""
"IBM-ALM-COURSE_3947271","The Impact of AI on Customer Experience","https://skills.yourlearning.ibm.com/activity/ALM-COURSE_3947271","IBM SkillsBuild","IBM SkillsBuild","A module on using AI-driven analytics and personalisation to improve customer experience and loyalty, including a simulated exercise extracting sentiment with IBM watsonx. IBM lists it as 1 to 3 hours.","en","","","ADVANCED","1","yes","","no","FOUNDATIONS","","","SALES_MARKETING","","","no","","","","وحدة حول استخدام التحليلات والتخصيص المعتمدين على الذكاء الاصطناعي لتحسين تجربة العملاء وولائهم، وتتضمن تمرينًا محاكيًا لاستخلاص الانطباعات باستخدام IBM watsonx. تذكر IBM أن مدتها من ساعة إلى 3 ساعات.","Müşteri deneyimini ve sadakatini artırmak için yapay zekâ destekli analitik ve kişiselleştirmenin kullanımı üzerine, IBM watsonx ile duygu çıkarımı yapılan simülasyon alıştırmasını içeren bir modül. IBM süresini 1 ile 3 saat arası olarak belirtiyor.","PENDING_REVIEW","COURSE","IBM_SKILLSBUILD",""
"IBM-ALM-COURSE_4058946","Beyond Conservation to Sustainability","https://skills.yourlearning.ibm.com/activity/ALM-COURSE_4058946","IBM SkillsBuild","IBM SkillsBuild","An intermediate course explaining how sustainability differs from conservation, the environmental, social and governance (ESG) issues behind it, and ways businesses can apply ESG initiatives. IBM lists it as 1 to 3 hours.","en","","","INTERMEDIATE","1","yes","","no","OPERATIONS","","","MANAGEMENT;PRODUCTION;GENERAL","","","no","","من الحفاظ على البيئة إلى الاستدامة","Korumanın Ötesinde Sürdürülebilirliğe Doğru","دورة بمستوى متوسط توضح الفرق بين الاستدامة والحفاظ على البيئة، وقضايا البيئة والمجتمع والحوكمة (ESG) المرتبطة بها، وطرق تطبيق الشركات لمبادرات ESG. تذكر IBM أن مدتها من ساعة إلى 3 ساعات.","Sürdürülebilirliğin korumadan farkını, arkasındaki çevresel, sosyal ve yönetişim (ESG) konularını ve işletmelerin ESG girişimlerini uygulama yollarını açıklayan orta düzey bir kurs. IBM süresini 1 ile 3 saat arası olarak belirtiyor.","PENDING_REVIEW","COURSE","IBM_SKILLSBUILD",""
"IBM-ALM-COURSE_3825251","Exploring Cybersecurity","https://skills.yourlearning.ibm.com/activity/ALM-COURSE_3825251","IBM SkillsBuild","IBM SkillsBuild","A beginner module introducing what cybersecurity is, its three core principles, its main areas, and strategies for protecting systems and data from attacks. IBM lists it as 1 to 3 hours.","en","","","BEGINNER","1","yes","","no","SAFETY_COMPLIANCE","","","GENERAL","","","no","","استكشاف الأمن الإلكتروني","Siber Güvenliği Keşfetme","وحدة للمبتدئين تعرّف بالأمن السيبراني ومبادئه الثلاثة الأساسية ومجالاته الرئيسية واستراتيجيات حماية الأنظمة والبيانات من الهجمات. تذكر IBM أن مدتها من ساعة إلى 3 ساعات.","Siber güvenliğin ne olduğunu, üç temel ilkesini, başlıca alanlarını ve sistemleri ve verileri saldırılara karşı korumaya yönelik stratejileri tanıtan başlangıç düzeyi bir modül. IBM süresini 1 ile 3 saat arası olarak belirtiyor.","PENDING_REVIEW","COURSE","IBM_SKILLSBUILD",""
"IBM-ALM-COURSE_4058876","Cybersecurity and Data","https://skills.yourlearning.ibm.com/activity/ALM-COURSE_4058876","IBM SkillsBuild","IBM SkillsBuild","A beginner course on the key elements of cybersecurity, types of sensitive data and the impact of data breaches, the CIA triad, and the controls organisations use to protect data. IBM lists it as 1 to 3 hours.","en","","","BEGINNER","1","yes","","no","SAFETY_COMPLIANCE","","","GENERAL;IT;HR","","","no","","","","دورة للمبتدئين حول العناصر الأساسية للأمن السيبراني، وأنواع البيانات الحساسة وتأثير اختراقات البيانات، ونموذج CIA، والضوابط التي تستخدمها المؤسسات لحماية البيانات. تذكر IBM أن مدتها من ساعة إلى 3 ساعات.","Siber güvenliğin temel unsurları, hassas veri türleri ve veri ihlallerinin etkileri, CIA üçlüsü ve kuruluşların verileri korumak için kullandığı kontroller üzerine başlangıç düzeyi bir kurs. IBM süresini 1 ile 3 saat arası olarak belirtiyor.","PENDING_REVIEW","COURSE","IBM_SKILLSBUILD",""
